"Program / tax expenditure","Annual cost ($B)","Group"
"DC plans (401(k)/403(b)/457) tax expenditure",323.1,"Existing retirement tax expenditures (FY2027, JCT)"
"DB plans tax expenditure",172.6,"Existing retirement tax expenditures (FY2027, JCT)"
"IRAs (traditional + Roth) tax expenditure",50.4,"Existing retirement tax expenditures (FY2027, JCT)"
"Keogh / self-employed plans tax expenditure",20.4,"Existing retirement tax expenditures (FY2027, JCT)"
"EITC (revenue + outlay)",65.9,"Comparator programs"
"Hybrid proposal, 100 percent ceiling",24.9,"This proposal (TY2027)"
"Hybrid proposal, headline take-up",14.9,"This proposal (TY2027)"
"Enacted Saver's Match (JCT, FY2028)",2.1,"Comparator programs"
"EO / TrumpIRA.gov (administrative only)",0,"Comparator programs"
