"filing_status","income","hybrid_credit","rsaa_credit","hybrid_credit_share_income","rsaa_credit_share_income"
"Single",0,0,0,NA,NA
"Single",500,29.65,20,0.0593,0.04
"Single",1000,58.6,40,0.0586,0.04
"Single",1500,86.86,60,0.05791,0.04
"Single",2000,114.42,80,0.05721,0.04
"Single",2500,141.28,100,0.05651,0.04
"Single",3000,167.44,120,0.05581,0.04
"Single",3500,192.9,140,0.05511,0.04
"Single",4000,217.66,160,0.05442,0.04
"Single",4500,241.73,180,0.05372,0.04
"Single",5000,265.1,200,0.05302,0.04
"Single",5500,287.77,220,0.05232,0.04
"Single",6000,309.74,240,0.05162,0.04
"Single",6500,331.02,260,0.05093,0.04
"Single",7000,351.6,280,0.05023,0.04
"Single",7500,371.48,300,0.04953,0.04
"Single",8000,390.66,320,0.04883,0.04
"Single",8500,409.14,340,0.04813,0.04
"Single",9000,426.93,360,0.04744,0.04
"Single",9500,444.01,380,0.04674,0.04
"Single",10000,460.4,400,0.04604,0.04
"Single",10500,476.09,420,0.04534,0.04
"Single",11000,491.09,440,0.04464,0.04
"Single",11500,505.38,460,0.04395,0.04
"Single",12000,518.98,480,0.04325,0.04
"Single",12500,531.88,500,0.04255,0.04
"Single",13000,544.08,520,0.04185,0.04
"Single",13500,555.58,540,0.04115,0.04
"Single",14000,566.39,560,0.04046,0.04
"Single",14500,576.49,580,0.03976,0.04
"Single",15000,585.9,600,0.03906,0.04
"Single",15500,594.61,620,0.03836,0.04
"Single",16000,602.63,640,0.03766,0.04
"Single",16500,609.94,660,0.03697,0.04
"Single",17000,616.56,680,0.03627,0.04
"Single",17500,622.48,700,0.03557,0.04
"Single",18000,627.7,720,0.03487,0.04
"Single",18500,632.22,740,0.03417,0.04
"Single",19000,636.05,760,0.03348,0.04
"Single",19500,639.18,780,0.03278,0.04
"Single",20000,641.61,800,0.03208,0.04
"Single",20500,643.34,820,0.03138,0.04
"Single",21000,644.37,840,0.03068,0.04
"Single",21500,644.71,860,0.02999,0.04
"Single",22000,644.34,880,0.02929,0.04
"Single",22500,643.28,900,0.02859,0.04
"Single",23000,641.52,920,0.02789,0.04
"Single",23500,639.07,940,0.02719,0.04
"Single",24000,635.91,960,0.0265,0.04
"Single",24500,632.06,980,0.0258,0.04
"Single",25000,627.51,1000,0.0251,0.04
"Single",25500,622.26,1020,0.0244,0.04
"Single",26000,616.31,1040,0.0237,0.04
"Single",26500,609.67,1060,0.02301,0.04
"Single",27000,602.33,1080,0.02231,0.04
"Single",27500,594.29,1100,0.02161,0.04
"Single",28000,585.55,1120,0.02091,0.04
"Single",28500,576.11,1140,0.02021,0.04
"Single",29000,565.98,1160,0.01952,0.04
"Single",29500,555.14,1180,0.01882,0.04
"Single",30000,543.61,1200,0.01812,0.04
"Single",30500,531.39,1220,0.01742,0.04
"Single",31000,518.46,1240,0.01672,0.04
"Single",31500,504.83,1260,0.01603,0.04
"Single",32000,490.51,1280,0.01533,0.04
"Single",32500,475.49,1300,0.01463,0.04
"Single",33000,459.77,1320,0.01393,0.04
"Single",33500,443.36,1340,0.01323,0.04
"Single",34000,426.24,1360,0.01254,0.04
"Single",34500,408.43,1380,0.01184,0.04
"Single",35000,389.92,1400,0.01114,0.04
"Single",35500,370.71,1420,0.01044,0.04
"Single",36000,350.8,1440,0.00974,0.04
"Single",36500,330.2,1460,0.00905,0.04
"Single",37000,308.9,1480,0.00835,0.04
"Single",37500,286.9,1500,0.00765,0.04
"Single",38000,264.2,1520,0.00695,0.04
"Single",38500,240.8,1540,0.00625,0.04
"Single",39000,216.71,1560,0.00556,0.04
"Single",39500,191.92,1580,0.00486,0.04
"Single",40000,166.43,1600,0.00416,0.04
"Single",40500,140.24,1620,0.00346,0.04
"Single",41000,113.35,1640,0.00276,0.04
"Single",41500,85.77,1660,0.00207,0.04
"Single",42000,57.48,1680,0.00137,0.04
"Single",42500,28.5,1700,0.00067,0.04
"Single",43000,0,1720,0,0.04
"Single",43500,0,1740,0,0.04
"Single",44000,0,1760,0,0.04
"Single",44500,0,1780,0,0.04
"Single",45000,0,1800,0,0.04
"Single",45500,0,1820,0,0.04
"Single",46000,0,1840,0,0.04
"Single",46500,0,1860,0,0.04
"Single",47000,0,1880,0,0.04
"Single",47500,0,1900,0,0.04
"Single",48000,0,1920,0,0.04
"Single",48500,0,1940,0,0.04
"Single",49000,0,1960,0,0.04
"Single",49500,0,1980,0,0.04
"Single",50000,0,2000,0,0.04
"Single",50500,0,2020,0,0.04
"Single",51000,0,2040,0,0.04
"Single",51500,0,2060,0,0.04
"Single",52000,0,2080,0,0.04
"Single",52500,0,2100,0,0.04
"Single",53000,0,2120,0,0.04
"Single",53500,0,2091.9,0,0.0391
"Single",54000,0,2091.9,0,0.03874
"Single",54500,0,2016.9,0,0.03701
"Single",55000,0,2016.9,0,0.03667
"Single",55500,0,1941.9,0,0.03499
"Single",56000,0,1941.9,0,0.03468
"Single",56500,0,1866.9,0,0.03304
"Single",57000,0,1866.9,0,0.03275
"Single",57500,0,1791.9,0,0.03116
"Single",58000,0,1791.9,0,0.03089
"Single",58500,0,1716.9,0,0.02935
"Single",59000,0,1716.9,0,0.0291
"Single",59500,0,1641.9,0,0.02759
"Single",60000,0,1641.9,0,0.02737
"Single",60500,0,1566.9,0,0.0259
"Single",61000,0,1566.9,0,0.02569
"Single",61500,0,1491.9,0,0.02426
"Single",62000,0,1491.9,0,0.02406
"Single",62500,0,1416.9,0,0.02267
"Single",63000,0,1416.9,0,0.02249
"Single",63500,0,1341.9,0,0.02113
"Single",64000,0,1341.9,0,0.02097
"Single",64500,0,1266.9,0,0.01964
"Single",65000,0,1266.9,0,0.01949
"Single",65500,0,1191.9,0,0.0182
"Single",66000,0,1191.9,0,0.01806
"Single",66500,0,1116.9,0,0.0168
"Single",67000,0,1116.9,0,0.01667
"Single",67500,0,1041.9,0,0.01544
"Single",68000,0,1041.9,0,0.01532
"Single",68500,0,966.9,0,0.01412
"Single",69000,0,966.9,0,0.01401
"Single",69500,0,891.9,0,0.01283
"Single",70000,0,891.9,0,0.01274
"Single",70500,0,816.9,0,0.01159
"Single",71000,0,816.9,0,0.01151
"Single",71500,0,741.9,0,0.01038
"Single",72000,0,741.9,0,0.0103
"Single",72500,0,666.9,0,0.0092
"Single",73000,0,666.9,0,0.00914
"Single",73500,0,591.9,0,0.00805
"Single",74000,0,591.9,0,0.008
"Single",74500,0,516.9,0,0.00694
"Single",75000,0,516.9,0,0.00689
"Single",75500,0,441.9,0,0.00585
"Single",76000,0,441.9,0,0.00581
"Single",76500,0,366.9,0,0.0048
"Single",77000,0,366.9,0,0.00476
"Single",77500,0,291.9,0,0.00377
"Single",78000,0,291.9,0,0.00374
"Single",78500,0,216.9,0,0.00276
"Single",79000,0,216.9,0,0.00275
"Single",79500,0,141.9,0,0.00178
"Single",80000,0,141.9,0,0.00177
"Single",80500,0,66.9,0,0.00083
"Single",81000,0,66.9,0,0.00083
"Single",81500,0,0,0,0
"Single",82000,0,0,0,0
"Single",82500,0,0,0,0
"Single",83000,0,0,0,0
"Single",83500,0,0,0,0
"Single",84000,0,0,0,0
"Single",84500,0,0,0,0
"Single",85000,0,0,0,0
"Single",85500,0,0,0,0
"Single",86000,0,0,0,0
"Single",86500,0,0,0,0
"Single",87000,0,0,0,0
"Single",87500,0,0,0,0
"Single",88000,0,0,0,0
"Single",88500,0,0,0,0
"Single",89000,0,0,0,0
"Single",89500,0,0,0,0
"Single",90000,0,0,0,0
"Single",90500,0,0,0,0
"Single",91000,0,0,0,0
"Single",91500,0,0,0,0
"Single",92000,0,0,0,0
"Single",92500,0,0,0,0
"Single",93000,0,0,0,0
"Single",93500,0,0,0,0
"Single",94000,0,0,0,0
"Single",94500,0,0,0,0
"Single",95000,0,0,0,0
"Single",95500,0,0,0,0
"Single",96000,0,0,0,0
"Single",96500,0,0,0,0
"Single",97000,0,0,0,0
"Single",97500,0,0,0,0
"Single",98000,0,0,0,0
"Single",98500,0,0,0,0
"Single",99000,0,0,0,0
"Single",99500,0,0,0,0
"Single",100000,0,0,0,0
"Single",100500,0,0,0,0
"Single",101000,0,0,0,0
"Single",101500,0,0,0,0
"Single",102000,0,0,0,0
"Single",102500,0,0,0,0
"Single",103000,0,0,0,0
"Single",103500,0,0,0,0
"Single",104000,0,0,0,0
"Single",104500,0,0,0,0
"Single",105000,0,0,0,0
"Single",105500,0,0,0,0
"Single",106000,0,0,0,0
"Single",106500,0,0,0,0
"Single",107000,0,0,0,0
"Single",107500,0,0,0,0
"Single",108000,0,0,0,0
"Single",108500,0,0,0,0
"Single",109000,0,0,0,0
"Single",109500,0,0,0,0
"Single",110000,0,0,0,0
"Single",110500,0,0,0,0
"Single",111000,0,0,0,0
"Single",111500,0,0,0,0
"Single",112000,0,0,0,0
"Single",112500,0,0,0,0
"Single",113000,0,0,0,0
"Single",113500,0,0,0,0
"Single",114000,0,0,0,0
"Single",114500,0,0,0,0
"Single",115000,0,0,0,0
"Single",115500,0,0,0,0
"Single",116000,0,0,0,0
"Single",116500,0,0,0,0
"Single",117000,0,0,0,0
"Single",117500,0,0,0,0
"Single",118000,0,0,0,0
"Single",118500,0,0,0,0
"Single",119000,0,0,0,0
"Single",119500,0,0,0,0
"Single",120000,0,0,0,0
"Single",120500,0,0,0,0
"Single",121000,0,0,0,0
"Single",121500,0,0,0,0
"Single",122000,0,0,0,0
"Single",122500,0,0,0,0
"Single",123000,0,0,0,0
"Single",123500,0,0,0,0
"Single",124000,0,0,0,0
"Single",124500,0,0,0,0
"Single",125000,0,0,0,0
"Single",125500,0,0,0,0
"Single",126000,0,0,0,0
"Single",126500,0,0,0,0
"Single",127000,0,0,0,0
"Single",127500,0,0,0,0
"Single",128000,0,0,0,0
"Single",128500,0,0,0,0
"Single",129000,0,0,0,0
"Single",129500,0,0,0,0
"Single",130000,0,0,0,0
"Single",130500,0,0,0,0
"Single",131000,0,0,0,0
"Single",131500,0,0,0,0
"Single",132000,0,0,0,0
"Single",132500,0,0,0,0
"Single",133000,0,0,0,0
"Single",133500,0,0,0,0
"Single",134000,0,0,0,0
"Single",134500,0,0,0,0
"Single",135000,0,0,0,0
"Single",135500,0,0,0,0
"Single",136000,0,0,0,0
"Single",136500,0,0,0,0
"Single",137000,0,0,0,0
"Single",137500,0,0,0,0
"Single",138000,0,0,0,0
"Single",138500,0,0,0,0
"Single",139000,0,0,0,0
"Single",139500,0,0,0,0
"Single",140000,0,0,0,0
"Single",140500,0,0,0,0
"Single",141000,0,0,0,0
"Single",141500,0,0,0,0
"Single",142000,0,0,0,0
"Single",142500,0,0,0,0
"Single",143000,0,0,0,0
"Single",143500,0,0,0,0
"Single",144000,0,0,0,0
"Single",144500,0,0,0,0
"Single",145000,0,0,0,0
"Single",145500,0,0,0,0
"Single",146000,0,0,0,0
"Single",146500,0,0,0,0
"Single",147000,0,0,0,0
"Single",147500,0,0,0,0
"Single",148000,0,0,0,0
"Single",148500,0,0,0,0
"Single",149000,0,0,0,0
"Single",149500,0,0,0,0
"Single",150000,0,0,0,0
"Single",150500,0,0,0,0
"Single",151000,0,0,0,0
"Single",151500,0,0,0,0
"Single",152000,0,0,0,0
"Single",152500,0,0,0,0
"Single",153000,0,0,0,0
"Single",153500,0,0,0,0
"Single",154000,0,0,0,0
"Single",154500,0,0,0,0
"Single",155000,0,0,0,0
"Single",155500,0,0,0,0
"Single",156000,0,0,0,0
"Single",156500,0,0,0,0
"Single",157000,0,0,0,0
"Single",157500,0,0,0,0
"Single",158000,0,0,0,0
"Single",158500,0,0,0,0
"Single",159000,0,0,0,0
"Single",159500,0,0,0,0
"Single",160000,0,0,0,0
"Single",160500,0,0,0,0
"Single",161000,0,0,0,0
"Single",161500,0,0,0,0
"Single",162000,0,0,0,0
"Single",162500,0,0,0,0
"Single",163000,0,0,0,0
"Single",163500,0,0,0,0
"Single",164000,0,0,0,0
"Single",164500,0,0,0,0
"Single",165000,0,0,0,0
"Single",165500,0,0,0,0
"Single",166000,0,0,0,0
"Single",166500,0,0,0,0
"Single",167000,0,0,0,0
"Single",167500,0,0,0,0
"Single",168000,0,0,0,0
"Single",168500,0,0,0,0
"Single",169000,0,0,0,0
"Single",169500,0,0,0,0
"Single",170000,0,0,0,0
"Single",170500,0,0,0,0
"Single",171000,0,0,0,0
"Single",171500,0,0,0,0
"Single",172000,0,0,0,0
"Single",172500,0,0,0,0
"Single",173000,0,0,0,0
"Single",173500,0,0,0,0
"Single",174000,0,0,0,0
"Single",174500,0,0,0,0
"Single",175000,0,0,0,0
"Single",175500,0,0,0,0
"Single",176000,0,0,0,0
"Single",176500,0,0,0,0
"Single",177000,0,0,0,0
"Single",177500,0,0,0,0
"Single",178000,0,0,0,0
"Single",178500,0,0,0,0
"Single",179000,0,0,0,0
"Single",179500,0,0,0,0
"Single",180000,0,0,0,0
"HoH",0,0,0,NA,NA
"HoH",500,29.77,20,0.05953,0.04
"HoH",1000,59.07,40,0.05907,0.04
"HoH",1500,87.91,60,0.0586,0.04
"HoH",2000,116.28,80,0.05814,0.04
"HoH",2500,144.18,100,0.05767,0.04
"HoH",3000,171.62,120,0.05721,0.04
"HoH",3500,198.6,140,0.05674,0.04
"HoH",4000,225.11,160,0.05628,0.04
"HoH",4500,251.15,180,0.05581,0.04
"HoH",5000,276.73,200,0.05535,0.04
"HoH",5500,301.85,220,0.05488,0.04
"HoH",6000,326.5,240,0.05442,0.04
"HoH",6500,350.68,260,0.05395,0.04
"HoH",7000,374.4,280,0.05349,0.04
"HoH",7500,397.65,300,0.05302,0.04
"HoH",8000,420.44,320,0.05255,0.04
"HoH",8500,442.76,340,0.05209,0.04
"HoH",9000,464.62,360,0.05162,0.04
"HoH",9500,486.01,380,0.05116,0.04
"HoH",10000,506.93,400,0.05069,0.04
"HoH",10500,527.4,420,0.05023,0.04
"HoH",11000,547.39,440,0.04976,0.04
"HoH",11500,566.92,460,0.0493,0.04
"HoH",12000,585.99,480,0.04883,0.04
"HoH",12500,604.58,500,0.04837,0.04
"HoH",13000,622.72,520,0.0479,0.04
"HoH",13500,640.39,540,0.04744,0.04
"HoH",14000,657.59,560,0.04697,0.04
"HoH",14500,674.33,580,0.04651,0.04
"HoH",15000,690.6,600,0.04604,0.04
"HoH",15500,706.41,620,0.04557,0.04
"HoH",16000,721.75,640,0.04511,0.04
"HoH",16500,736.63,660,0.04464,0.04
"HoH",17000,751.04,680,0.04418,0.04
"HoH",17500,764.99,700,0.04371,0.04
"HoH",18000,778.47,720,0.04325,0.04
"HoH",18500,791.48,740,0.04278,0.04
"HoH",19000,804.03,760,0.04232,0.04
"HoH",19500,816.12,780,0.04185,0.04
"HoH",20000,827.74,800,0.04139,0.04
"HoH",20500,838.89,820,0.04092,0.04
"HoH",21000,849.58,840,0.04046,0.04
"HoH",21500,859.8,860,0.03999,0.04
"HoH",22000,869.56,880,0.03953,0.04
"HoH",22500,878.86,900,0.03906,0.04
"HoH",23000,887.68,920,0.03859,0.04
"HoH",23500,896.05,940,0.03813,0.04
"HoH",24000,903.94,960,0.03766,0.04
"HoH",24500,911.37,980,0.0372,0.04
"HoH",25000,918.34,1000,0.03673,0.04
"HoH",25500,924.84,1020,0.03627,0.04
"HoH",26000,930.88,1040,0.0358,0.04
"HoH",26500,936.45,1060,0.03534,0.04
"HoH",27000,941.55,1080,0.03487,0.04
"HoH",27500,946.19,1100,0.03441,0.04
"HoH",28000,950.37,1120,0.03394,0.04
"HoH",28500,954.07,1140,0.03348,0.04
"HoH",29000,957.32,1160,0.03301,0.04
"HoH",29500,960.1,1180,0.03255,0.04
"HoH",30000,962.41,1200,0.03208,0.04
"HoH",30500,964.26,1220,0.03161,0.04
"HoH",31000,965.64,1240,0.03115,0.04
"HoH",31500,966.56,1260,0.03068,0.04
"HoH",32000,967.01,1280,0.03022,0.04
"HoH",32500,966.99,1300,0.02975,0.04
"HoH",33000,966.52,1320,0.02929,0.04
"HoH",33500,965.57,1340,0.02882,0.04
"HoH",34000,964.16,1360,0.02836,0.04
"HoH",34500,962.29,1380,0.02789,0.04
"HoH",35000,959.95,1400,0.02743,0.04
"HoH",35500,957.14,1420,0.02696,0.04
"HoH",36000,953.87,1440,0.0265,0.04
"HoH",36500,950.13,1460,0.02603,0.04
"HoH",37000,945.93,1480,0.02557,0.04
"HoH",37500,941.26,1500,0.0251,0.04
"HoH",38000,936.13,1520,0.02464,0.04
"HoH",38500,930.53,1540,0.02417,0.04
"HoH",39000,924.47,1560,0.0237,0.04
"HoH",39500,917.94,1580,0.02324,0.04
"HoH",40000,910.95,1600,0.02277,0.04
"HoH",40500,903.49,1620,0.02231,0.04
"HoH",41000,895.57,1640,0.02184,0.04
"HoH",41500,887.18,1660,0.02138,0.04
"HoH",42000,878.32,1680,0.02091,0.04
"HoH",42500,869,1700,0.02045,0.04
"HoH",43000,859.22,1720,0.01998,0.04
"HoH",43500,848.97,1740,0.01952,0.04
"HoH",44000,838.25,1760,0.01905,0.04
"HoH",44500,827.07,1780,0.01859,0.04
"HoH",45000,815.42,1800,0.01812,0.04
"HoH",45500,803.31,1820,0.01766,0.04
"HoH",46000,790.73,1840,0.01719,0.04
"HoH",46500,777.69,1860,0.01672,0.04
"HoH",47000,764.18,1880,0.01626,0.04
"HoH",47500,750.21,1900,0.01579,0.04
"HoH",48000,735.77,1920,0.01533,0.04
"HoH",48500,720.86,1940,0.01486,0.04
"HoH",49000,705.49,1960,0.0144,0.04
"HoH",49500,689.66,1980,0.01393,0.04
"HoH",50000,673.36,2000,0.01347,0.04
"HoH",50500,656.59,2020,0.013,0.04
"HoH",51000,639.36,2040,0.01254,0.04
"HoH",51500,621.67,2060,0.01207,0.04
"HoH",52000,603.51,2080,0.01161,0.04
"HoH",52500,584.88,2100,0.01114,0.04
"HoH",53000,565.79,2120,0.01068,0.04
"HoH",53500,546.23,2140,0.01021,0.04
"HoH",54000,526.21,2160,0.00974,0.04
"HoH",54500,505.72,2180,0.00928,0.04
"HoH",55000,484.76,2200,0.00881,0.04
"HoH",55500,463.35,2220,0.00835,0.04
"HoH",56000,441.46,2240,0.00788,0.04
"HoH",56500,419.11,2260,0.00742,0.04
"HoH",57000,396.3,2280,0.00695,0.04
"HoH",57500,373.02,2300,0.00649,0.04
"HoH",58000,349.27,2320,0.00602,0.04
"HoH",58500,325.06,2340,0.00556,0.04
"HoH",59000,300.39,2360,0.00509,0.04
"HoH",59500,275.24,2380,0.00463,0.04
"HoH",60000,249.64,2400,0.00416,0.04
"HoH",60500,223.57,2420,0.0037,0.04
"HoH",61000,197.03,2440,0.00323,0.04
"HoH",61500,170.03,2460,0.00276,0.04
"HoH",62000,142.56,2480,0.0023,0.04
"HoH",62500,114.62,2500,0.00183,0.04
"HoH",63000,86.23,2520,0.00137,0.04
"HoH",63500,57.36,2540,0.0009,0.04
"HoH",64000,28.03,2560,0.00044,0.04
"HoH",64500,0,2580,0,0.04
"HoH",65000,0,2600,0,0.04
"HoH",65500,0,2620,0,0.04
"HoH",66000,0,2640,0,0.04
"HoH",66500,0,2660,0,0.04
"HoH",67000,0,2680,0,0.04
"HoH",67500,0,2700,0,0.04
"HoH",68000,0,2720,0,0.04
"HoH",68500,0,2740,0,0.04
"HoH",69000,0,2760,0,0.04
"HoH",69500,0,2780,0,0.04
"HoH",70000,0,2800,0,0.04
"HoH",70500,0,2820,0,0.04
"HoH",71000,0,2840,0,0.04
"HoH",71500,0,2860,0,0.04
"HoH",72000,0,2880,0,0.04
"HoH",72500,0,2900,0,0.04
"HoH",73000,0,2920,0,0.04
"HoH",73500,0,2940,0,0.04
"HoH",74000,0,2960,0,0.04
"HoH",74500,0,2980,0,0.04
"HoH",75000,0,3000,0,0.04
"HoH",75500,0,3020,0,0.04
"HoH",76000,0,3040,0,0.04
"HoH",76500,0,3060,0,0.04
"HoH",77000,0,3080,0,0.04
"HoH",77500,0,3100,0,0.04
"HoH",78000,0,3120,0,0.04
"HoH",78500,0,3140,0,0.04
"HoH",79000,0,3160,0,0.04
"HoH",79500,0,3180,0,0.04
"HoH",80000,0,3200,0,0.04
"HoH",80500,0,3175.35,0,0.03945
"HoH",81000,0,3175.35,0,0.0392
"HoH",81500,0,3100.35,0,0.03804
"HoH",82000,0,3100.35,0,0.03781
"HoH",82500,0,3025.35,0,0.03667
"HoH",83000,0,3025.35,0,0.03645
"HoH",83500,0,2950.35,0,0.03533
"HoH",84000,0,2950.35,0,0.03512
"HoH",84500,0,2875.35,0,0.03403
"HoH",85000,0,2875.35,0,0.03383
"HoH",85500,0,2800.35,0,0.03275
"HoH",86000,0,2800.35,0,0.03256
"HoH",86500,0,2725.35,0,0.03151
"HoH",87000,0,2725.35,0,0.03133
"HoH",87500,0,2650.35,0,0.03029
"HoH",88000,0,2650.35,0,0.03012
"HoH",88500,0,2575.35,0,0.0291
"HoH",89000,0,2575.35,0,0.02894
"HoH",89500,0,2500.35,0,0.02794
"HoH",90000,0,2500.35,0,0.02778
"HoH",90500,0,2425.35,0,0.0268
"HoH",91000,0,2425.35,0,0.02665
"HoH",91500,0,2350.35,0,0.02569
"HoH",92000,0,2350.35,0,0.02555
"HoH",92500,0,2275.35,0,0.0246
"HoH",93000,0,2275.35,0,0.02447
"HoH",93500,0,2200.35,0,0.02353
"HoH",94000,0,2200.35,0,0.02341
"HoH",94500,0,2125.35,0,0.02249
"HoH",95000,0,2125.35,0,0.02237
"HoH",95500,0,2050.35,0,0.02147
"HoH",96000,0,2050.35,0,0.02136
"HoH",96500,0,1975.35,0,0.02047
"HoH",97000,0,1975.35,0,0.02036
"HoH",97500,0,1900.35,0,0.01949
"HoH",98000,0,1900.35,0,0.01939
"HoH",98500,0,1825.35,0,0.01853
"HoH",99000,0,1825.35,0,0.01844
"HoH",99500,0,1750.35,0,0.01759
"HoH",100000,0,1750.35,0,0.0175
"HoH",100500,0,1675.35,0,0.01667
"HoH",101000,0,1675.35,0,0.01659
"HoH",101500,0,1600.35,0,0.01577
"HoH",102000,0,1600.35,0,0.01569
"HoH",102500,0,1525.35,0,0.01488
"HoH",103000,0,1525.35,0,0.01481
"HoH",103500,0,1450.35,0,0.01401
"HoH",104000,0,1450.35,0,0.01395
"HoH",104500,0,1375.35,0,0.01316
"HoH",105000,0,1375.35,0,0.0131
"HoH",105500,0,1300.35,0,0.01233
"HoH",106000,0,1300.35,0,0.01227
"HoH",106500,0,1225.35,0,0.01151
"HoH",107000,0,1225.35,0,0.01145
"HoH",107500,0,1150.35,0,0.0107
"HoH",108000,0,1150.35,0,0.01065
"HoH",108500,0,1075.35,0,0.00991
"HoH",109000,0,1075.35,0,0.00987
"HoH",109500,0,1000.35,0,0.00914
"HoH",110000,0,1000.35,0,0.00909
"HoH",110500,0,925.35,0,0.00837
"HoH",111000,0,925.35,0,0.00834
"HoH",111500,0,850.35,0,0.00763
"HoH",112000,0,850.35,0,0.00759
"HoH",112500,0,775.35,0,0.00689
"HoH",113000,0,775.35,0,0.00686
"HoH",113500,0,700.35,0,0.00617
"HoH",114000,0,700.35,0,0.00614
"HoH",114500,0,625.35,0,0.00546
"HoH",115000,0,625.35,0,0.00544
"HoH",115500,0,550.35,0,0.00476
"HoH",116000,0,550.35,0,0.00474
"HoH",116500,0,475.35,0,0.00408
"HoH",117000,0,475.35,0,0.00406
"HoH",117500,0,400.35,0,0.00341
"HoH",118000,0,400.35,0,0.00339
"HoH",118500,0,325.35,0,0.00275
"HoH",119000,0,325.35,0,0.00273
"HoH",119500,0,250.35,0,0.00209
"HoH",120000,0,250.35,0,0.00209
"HoH",120500,0,175.35,0,0.00146
"HoH",121000,0,175.35,0,0.00145
"HoH",121500,0,100.35,0,0.00083
"HoH",122000,0,100.35,0,0.00082
"HoH",122500,0,25.35,0,0.00021
"HoH",123000,0,25.35,0,0.00021
"HoH",123500,0,0,0,0
"HoH",124000,0,0,0,0
"HoH",124500,0,0,0,0
"HoH",125000,0,0,0,0
"HoH",125500,0,0,0,0
"HoH",126000,0,0,0,0
"HoH",126500,0,0,0,0
"HoH",127000,0,0,0,0
"HoH",127500,0,0,0,0
"HoH",128000,0,0,0,0
"HoH",128500,0,0,0,0
"HoH",129000,0,0,0,0
"HoH",129500,0,0,0,0
"HoH",130000,0,0,0,0
"HoH",130500,0,0,0,0
"HoH",131000,0,0,0,0
"HoH",131500,0,0,0,0
"HoH",132000,0,0,0,0
"HoH",132500,0,0,0,0
"HoH",133000,0,0,0,0
"HoH",133500,0,0,0,0
"HoH",134000,0,0,0,0
"HoH",134500,0,0,0,0
"HoH",135000,0,0,0,0
"HoH",135500,0,0,0,0
"HoH",136000,0,0,0,0
"HoH",136500,0,0,0,0
"HoH",137000,0,0,0,0
"HoH",137500,0,0,0,0
"HoH",138000,0,0,0,0
"HoH",138500,0,0,0,0
"HoH",139000,0,0,0,0
"HoH",139500,0,0,0,0
"HoH",140000,0,0,0,0
"HoH",140500,0,0,0,0
"HoH",141000,0,0,0,0
"HoH",141500,0,0,0,0
"HoH",142000,0,0,0,0
"HoH",142500,0,0,0,0
"HoH",143000,0,0,0,0
"HoH",143500,0,0,0,0
"HoH",144000,0,0,0,0
"HoH",144500,0,0,0,0
"HoH",145000,0,0,0,0
"HoH",145500,0,0,0,0
"HoH",146000,0,0,0,0
"HoH",146500,0,0,0,0
"HoH",147000,0,0,0,0
"HoH",147500,0,0,0,0
"HoH",148000,0,0,0,0
"HoH",148500,0,0,0,0
"HoH",149000,0,0,0,0
"HoH",149500,0,0,0,0
"HoH",150000,0,0,0,0
"HoH",150500,0,0,0,0
"HoH",151000,0,0,0,0
"HoH",151500,0,0,0,0
"HoH",152000,0,0,0,0
"HoH",152500,0,0,0,0
"HoH",153000,0,0,0,0
"HoH",153500,0,0,0,0
"HoH",154000,0,0,0,0
"HoH",154500,0,0,0,0
"HoH",155000,0,0,0,0
"HoH",155500,0,0,0,0
"HoH",156000,0,0,0,0
"HoH",156500,0,0,0,0
"HoH",157000,0,0,0,0
"HoH",157500,0,0,0,0
"HoH",158000,0,0,0,0
"HoH",158500,0,0,0,0
"HoH",159000,0,0,0,0
"HoH",159500,0,0,0,0
"HoH",160000,0,0,0,0
"HoH",160500,0,0,0,0
"HoH",161000,0,0,0,0
"HoH",161500,0,0,0,0
"HoH",162000,0,0,0,0
"HoH",162500,0,0,0,0
"HoH",163000,0,0,0,0
"HoH",163500,0,0,0,0
"HoH",164000,0,0,0,0
"HoH",164500,0,0,0,0
"HoH",165000,0,0,0,0
"HoH",165500,0,0,0,0
"HoH",166000,0,0,0,0
"HoH",166500,0,0,0,0
"HoH",167000,0,0,0,0
"HoH",167500,0,0,0,0
"HoH",168000,0,0,0,0
"HoH",168500,0,0,0,0
"HoH",169000,0,0,0,0
"HoH",169500,0,0,0,0
"HoH",170000,0,0,0,0
"HoH",170500,0,0,0,0
"HoH",171000,0,0,0,0
"HoH",171500,0,0,0,0
"HoH",172000,0,0,0,0
"HoH",172500,0,0,0,0
"HoH",173000,0,0,0,0
"HoH",173500,0,0,0,0
"HoH",174000,0,0,0,0
"HoH",174500,0,0,0,0
"HoH",175000,0,0,0,0
"HoH",175500,0,0,0,0
"HoH",176000,0,0,0,0
"HoH",176500,0,0,0,0
"HoH",177000,0,0,0,0
"HoH",177500,0,0,0,0
"HoH",178000,0,0,0,0
"HoH",178500,0,0,0,0
"HoH",179000,0,0,0,0
"HoH",179500,0,0,0,0
"HoH",180000,0,0,0,0
"MFJ",0,0,0,NA,NA
"MFJ",500,29.83,20,0.05965,0.04
"MFJ",1000,59.3,40,0.0593,0.04
"MFJ",1500,88.43,60,0.05895,0.04
"MFJ",2000,117.21,80,0.0586,0.04
"MFJ",2500,145.64,100,0.05826,0.04
"MFJ",3000,173.72,120,0.05791,0.04
"MFJ",3500,201.45,140,0.05756,0.04
"MFJ",4000,228.83,160,0.05721,0.04
"MFJ",4500,255.87,180,0.05686,0.04
"MFJ",5000,282.55,200,0.05651,0.04
"MFJ",5500,308.89,220,0.05616,0.04
"MFJ",6000,334.87,240,0.05581,0.04
"MFJ",6500,360.51,260,0.05546,0.04
"MFJ",7000,385.8,280,0.05511,0.04
"MFJ",7500,410.74,300,0.05477,0.04
"MFJ",8000,435.33,320,0.05442,0.04
"MFJ",8500,459.57,340,0.05407,0.04
"MFJ",9000,483.46,360,0.05372,0.04
"MFJ",9500,507.01,380,0.05337,0.04
"MFJ",10000,530.2,400,0.05302,0.04
"MFJ",10500,553.05,420,0.05267,0.04
"MFJ",11000,575.54,440,0.05232,0.04
"MFJ",11500,597.69,460,0.05197,0.04
"MFJ",12000,619.49,480,0.05162,0.04
"MFJ",12500,640.94,500,0.05128,0.04
"MFJ",13000,662.04,520,0.05093,0.04
"MFJ",13500,682.79,540,0.05058,0.04
"MFJ",14000,703.19,560,0.05023,0.04
"MFJ",14500,723.25,580,0.04988,0.04
"MFJ",15000,742.95,600,0.04953,0.04
"MFJ",15500,762.31,620,0.04918,0.04
"MFJ",16000,781.31,640,0.04883,0.04
"MFJ",16500,799.97,660,0.04848,0.04
"MFJ",17000,818.28,680,0.04813,0.04
"MFJ",17500,836.24,700,0.04779,0.04
"MFJ",18000,853.85,720,0.04744,0.04
"MFJ",18500,871.11,740,0.04709,0.04
"MFJ",19000,888.02,760,0.04674,0.04
"MFJ",19500,904.59,780,0.04639,0.04
"MFJ",20000,920.8,800,0.04604,0.04
"MFJ",20500,936.67,820,0.04569,0.04
"MFJ",21000,952.19,840,0.04534,0.04
"MFJ",21500,967.35,860,0.04499,0.04
"MFJ",22000,982.17,880,0.04464,0.04
"MFJ",22500,996.64,900,0.0443,0.04
"MFJ",23000,1000,920,0.04348,0.04
"MFJ",23500,1000,940,0.04255,0.04
"MFJ",24000,1000,960,0.04167,0.04
"MFJ",24500,1000,980,0.04082,0.04
"MFJ",25000,1000,1000,0.04,0.04
"MFJ",25500,1000,1020,0.03922,0.04
"MFJ",26000,1000,1040,0.03846,0.04
"MFJ",26500,1000,1060,0.03774,0.04
"MFJ",27000,1000,1080,0.03704,0.04
"MFJ",27500,1000,1100,0.03636,0.04
"MFJ",28000,1000,1120,0.03571,0.04
"MFJ",28500,1000,1140,0.03509,0.04
"MFJ",29000,1000,1160,0.03448,0.04
"MFJ",29500,1000,1180,0.0339,0.04
"MFJ",30000,1000,1200,0.03333,0.04
"MFJ",30500,1000,1220,0.03279,0.04
"MFJ",31000,1000,1240,0.03226,0.04
"MFJ",31500,1000,1260,0.03175,0.04
"MFJ",32000,1000,1280,0.03125,0.04
"MFJ",32500,1000,1300,0.03077,0.04
"MFJ",33000,1000,1320,0.0303,0.04
"MFJ",33500,1000,1340,0.02985,0.04
"MFJ",34000,1000,1360,0.02941,0.04
"MFJ",34500,1000,1380,0.02899,0.04
"MFJ",35000,1000,1400,0.02857,0.04
"MFJ",35500,1000,1420,0.02817,0.04
"MFJ",36000,1000,1440,0.02778,0.04
"MFJ",36500,1000,1460,0.0274,0.04
"MFJ",37000,1000,1480,0.02703,0.04
"MFJ",37500,1000,1500,0.02667,0.04
"MFJ",38000,1000,1520,0.02632,0.04
"MFJ",38500,1000,1540,0.02597,0.04
"MFJ",39000,1000,1560,0.02564,0.04
"MFJ",39500,1000,1580,0.02532,0.04
"MFJ",40000,1000,1600,0.025,0.04
"MFJ",40500,1000,1620,0.02469,0.04
"MFJ",41000,1000,1640,0.02439,0.04
"MFJ",41500,1000,1660,0.0241,0.04
"MFJ",42000,1000,1680,0.02381,0.04
"MFJ",42500,1000,1700,0.02353,0.04
"MFJ",43000,1000,1720,0.02326,0.04
"MFJ",43500,1000,1740,0.02299,0.04
"MFJ",44000,1000,1760,0.02273,0.04
"MFJ",44500,1000,1780,0.02247,0.04
"MFJ",45000,1000,1800,0.02222,0.04
"MFJ",45500,1000,1820,0.02198,0.04
"MFJ",46000,1000,1840,0.02174,0.04
"MFJ",46500,1000,1860,0.02151,0.04
"MFJ",47000,1000,1880,0.02128,0.04
"MFJ",47500,1000,1900,0.02105,0.04
"MFJ",48000,1000,1920,0.02083,0.04
"MFJ",48500,1000,1940,0.02062,0.04
"MFJ",49000,1000,1960,0.02041,0.04
"MFJ",49500,1000,1980,0.0202,0.04
"MFJ",50000,1000,2000,0.02,0.04
"MFJ",50500,1000,2020,0.0198,0.04
"MFJ",51000,1000,2040,0.01961,0.04
"MFJ",51500,1000,2060,0.01942,0.04
"MFJ",52000,1000,2080,0.01923,0.04
"MFJ",52500,1000,2100,0.01905,0.04
"MFJ",53000,1000,2120,0.01887,0.04
"MFJ",53500,1000,2140,0.01869,0.04
"MFJ",54000,1000,2160,0.01852,0.04
"MFJ",54500,1000,2180,0.01835,0.04
"MFJ",55000,1000,2200,0.01818,0.04
"MFJ",55500,1000,2220,0.01802,0.04
"MFJ",56000,1000,2240,0.01786,0.04
"MFJ",56500,1000,2260,0.0177,0.04
"MFJ",57000,1000,2280,0.01754,0.04
"MFJ",57500,1000,2300,0.01739,0.04
"MFJ",58000,1000,2320,0.01724,0.04
"MFJ",58500,1000,2340,0.01709,0.04
"MFJ",59000,1000,2360,0.01695,0.04
"MFJ",59500,1000,2380,0.01681,0.04
"MFJ",60000,1000,2400,0.01667,0.04
"MFJ",60500,1000,2420,0.01653,0.04
"MFJ",61000,1000,2440,0.01639,0.04
"MFJ",61500,1000,2460,0.01626,0.04
"MFJ",62000,1000,2480,0.01613,0.04
"MFJ",62500,1000,2500,0.016,0.04
"MFJ",63000,1000,2520,0.01587,0.04
"MFJ",63500,995.52,2540,0.01568,0.04
"MFJ",64000,981.02,2560,0.01533,0.04
"MFJ",64500,966.18,2580,0.01498,0.04
"MFJ",65000,950.98,2600,0.01463,0.04
"MFJ",65500,935.44,2620,0.01428,0.04
"MFJ",66000,919.55,2640,0.01393,0.04
"MFJ",66500,903.3,2660,0.01358,0.04
"MFJ",67000,886.71,2680,0.01323,0.04
"MFJ",67500,869.77,2700,0.01289,0.04
"MFJ",68000,852.48,2720,0.01254,0.04
"MFJ",68500,834.85,2740,0.01219,0.04
"MFJ",69000,816.86,2760,0.01184,0.04
"MFJ",69500,798.52,2780,0.01149,0.04
"MFJ",70000,779.84,2800,0.01114,0.04
"MFJ",70500,760.8,2820,0.01079,0.04
"MFJ",71000,741.42,2840,0.01044,0.04
"MFJ",71500,721.69,2860,0.01009,0.04
"MFJ",72000,701.61,2880,0.00974,0.04
"MFJ",72500,681.18,2900,0.0094,0.04
"MFJ",73000,660.4,2920,0.00905,0.04
"MFJ",73500,639.27,2940,0.0087,0.04
"MFJ",74000,617.79,2960,0.00835,0.04
"MFJ",74500,595.97,2980,0.008,0.04
"MFJ",75000,573.79,3000,0.00765,0.04
"MFJ",75500,551.27,3020,0.0073,0.04
"MFJ",76000,528.4,3040,0.00695,0.04
"MFJ",76500,505.18,3060,0.0066,0.04
"MFJ",77000,481.6,3080,0.00625,0.04
"MFJ",77500,457.68,3100,0.00591,0.04
"MFJ",78000,433.42,3120,0.00556,0.04
"MFJ",78500,408.8,3140,0.00521,0.04
"MFJ",79000,383.83,3160,0.00486,0.04
"MFJ",79500,358.52,3180,0.00451,0.04
"MFJ",80000,332.85,3200,0.00416,0.04
"MFJ",80500,306.84,3220,0.00381,0.04
"MFJ",81000,280.47,3240,0.00346,0.04
"MFJ",81500,253.76,3260,0.00311,0.04
"MFJ",82000,226.7,3280,0.00276,0.04
"MFJ",82500,199.29,3300,0.00242,0.04
"MFJ",83000,171.53,3320,0.00207,0.04
"MFJ",83500,143.42,3340,0.00172,0.04
"MFJ",84000,114.97,3360,0.00137,0.04
"MFJ",84500,86.16,3380,0.00102,0.04
"MFJ",85000,57.01,3400,0.00067,0.04
"MFJ",85500,27.5,3420,0.00032,0.04
"MFJ",86000,0,3440,0,0.04
"MFJ",86500,0,3460,0,0.04
"MFJ",87000,0,3480,0,0.04
"MFJ",87500,0,3500,0,0.04
"MFJ",88000,0,3520,0,0.04
"MFJ",88500,0,3540,0,0.04
"MFJ",89000,0,3560,0,0.04
"MFJ",89500,0,3580,0,0.04
"MFJ",90000,0,3600,0,0.04
"MFJ",90500,0,3620,0,0.04
"MFJ",91000,0,3640,0,0.04
"MFJ",91500,0,3660,0,0.04
"MFJ",92000,0,3680,0,0.04
"MFJ",92500,0,3700,0,0.04
"MFJ",93000,0,3720,0,0.04
"MFJ",93500,0,3740,0,0.04
"MFJ",94000,0,3760,0,0.04
"MFJ",94500,0,3780,0,0.04
"MFJ",95000,0,3800,0,0.04
"MFJ",95500,0,3820,0,0.04
"MFJ",96000,0,3840,0,0.04
"MFJ",96500,0,3860,0,0.04
"MFJ",97000,0,3880,0,0.04
"MFJ",97500,0,3900,0,0.04
"MFJ",98000,0,3920,0,0.04
"MFJ",98500,0,3940,0,0.04
"MFJ",99000,0,3960,0,0.04
"MFJ",99500,0,3980,0,0.04
"MFJ",100000,0,4000,0,0.04
"MFJ",100500,0,4020,0,0.04
"MFJ",101000,0,4040,0,0.04
"MFJ",101500,0,4060,0,0.04
"MFJ",102000,0,4080,0,0.04
"MFJ",102500,0,4100,0,0.04
"MFJ",103000,0,4120,0,0.04
"MFJ",103500,0,4140,0,0.04
"MFJ",104000,0,4160,0,0.04
"MFJ",104500,0,4180,0,0.04
"MFJ",105000,0,4200,0,0.04
"MFJ",105500,0,4220,0,0.04
"MFJ",106000,0,4240,0,0.04
"MFJ",106500,0,4260,0,0.04
"MFJ",107000,0,4258.8,0,0.0398
"MFJ",107500,0,4258.8,0,0.03962
"MFJ",108000,0,4183.8,0,0.03874
"MFJ",108500,0,4183.8,0,0.03856
"MFJ",109000,0,4108.8,0,0.0377
"MFJ",109500,0,4108.8,0,0.03752
"MFJ",110000,0,4033.8,0,0.03667
"MFJ",110500,0,4033.8,0,0.0365
"MFJ",111000,0,3958.8,0,0.03566
"MFJ",111500,0,3958.8,0,0.0355
"MFJ",112000,0,3883.8,0,0.03468
"MFJ",112500,0,3883.8,0,0.03452
"MFJ",113000,0,3808.8,0,0.03371
"MFJ",113500,0,3808.8,0,0.03356
"MFJ",114000,0,3733.8,0,0.03275
"MFJ",114500,0,3733.8,0,0.03261
"MFJ",115000,0,3658.8,0,0.03182
"MFJ",115500,0,3658.8,0,0.03168
"MFJ",116000,0,3583.8,0,0.03089
"MFJ",116500,0,3583.8,0,0.03076
"MFJ",117000,0,3508.8,0,0.02999
"MFJ",117500,0,3508.8,0,0.02986
"MFJ",118000,0,3433.8,0,0.0291
"MFJ",118500,0,3433.8,0,0.02898
"MFJ",119000,0,3358.8,0,0.02823
"MFJ",119500,0,3358.8,0,0.02811
"MFJ",120000,0,3283.8,0,0.02737
"MFJ",120500,0,3283.8,0,0.02725
"MFJ",121000,0,3208.8,0,0.02652
"MFJ",121500,0,3208.8,0,0.02641
"MFJ",122000,0,3133.8,0,0.02569
"MFJ",122500,0,3133.8,0,0.02558
"MFJ",123000,0,3058.8,0,0.02487
"MFJ",123500,0,3058.8,0,0.02477
"MFJ",124000,0,2983.8,0,0.02406
"MFJ",124500,0,2983.8,0,0.02397
"MFJ",125000,0,2908.8,0,0.02327
"MFJ",125500,0,2908.8,0,0.02318
"MFJ",126000,0,2833.8,0,0.02249
"MFJ",126500,0,2833.8,0,0.0224
"MFJ",127000,0,2758.8,0,0.02172
"MFJ",127500,0,2758.8,0,0.02164
"MFJ",128000,0,2683.8,0,0.02097
"MFJ",128500,0,2683.8,0,0.02089
"MFJ",129000,0,2608.8,0,0.02022
"MFJ",129500,0,2608.8,0,0.02015
"MFJ",130000,0,2533.8,0,0.01949
"MFJ",130500,0,2533.8,0,0.01942
"MFJ",131000,0,2458.8,0,0.01877
"MFJ",131500,0,2458.8,0,0.0187
"MFJ",132000,0,2383.8,0,0.01806
"MFJ",132500,0,2383.8,0,0.01799
"MFJ",133000,0,2308.8,0,0.01736
"MFJ",133500,0,2308.8,0,0.01729
"MFJ",134000,0,2233.8,0,0.01667
"MFJ",134500,0,2233.8,0,0.01661
"MFJ",135000,0,2158.8,0,0.01599
"MFJ",135500,0,2158.8,0,0.01593
"MFJ",136000,0,2083.8,0,0.01532
"MFJ",136500,0,2083.8,0,0.01527
"MFJ",137000,0,2008.8,0,0.01466
"MFJ",137500,0,2008.8,0,0.01461
"MFJ",138000,0,1933.8,0,0.01401
"MFJ",138500,0,1933.8,0,0.01396
"MFJ",139000,0,1858.8,0,0.01337
"MFJ",139500,0,1858.8,0,0.01332
"MFJ",140000,0,1783.8,0,0.01274
"MFJ",140500,0,1783.8,0,0.0127
"MFJ",141000,0,1708.8,0,0.01212
"MFJ",141500,0,1708.8,0,0.01208
"MFJ",142000,0,1633.8,0,0.01151
"MFJ",142500,0,1633.8,0,0.01147
"MFJ",143000,0,1558.8,0,0.0109
"MFJ",143500,0,1558.8,0,0.01086
"MFJ",144000,0,1483.8,0,0.0103
"MFJ",144500,0,1483.8,0,0.01027
"MFJ",145000,0,1408.8,0,0.00972
"MFJ",145500,0,1408.8,0,0.00968
"MFJ",146000,0,1333.8,0,0.00914
"MFJ",146500,0,1333.8,0,0.0091
"MFJ",147000,0,1258.8,0,0.00856
"MFJ",147500,0,1258.8,0,0.00853
"MFJ",148000,0,1183.8,0,0.008
"MFJ",148500,0,1183.8,0,0.00797
"MFJ",149000,0,1108.8,0,0.00744
"MFJ",149500,0,1108.8,0,0.00742
"MFJ",150000,0,1033.8,0,0.00689
"MFJ",150500,0,1033.8,0,0.00687
"MFJ",151000,0,958.8,0,0.00635
"MFJ",151500,0,958.8,0,0.00633
"MFJ",152000,0,883.8,0,0.00581
"MFJ",152500,0,883.8,0,0.0058
"MFJ",153000,0,808.8,0,0.00529
"MFJ",153500,0,808.8,0,0.00527
"MFJ",154000,0,733.8,0,0.00476
"MFJ",154500,0,733.8,0,0.00475
"MFJ",155000,0,658.8,0,0.00425
"MFJ",155500,0,658.8,0,0.00424
"MFJ",156000,0,583.8,0,0.00374
"MFJ",156500,0,583.8,0,0.00373
"MFJ",157000,0,508.8,0,0.00324
"MFJ",157500,0,508.8,0,0.00323
"MFJ",158000,0,433.8,0,0.00275
"MFJ",158500,0,433.8,0,0.00274
"MFJ",159000,0,358.8,0,0.00226
"MFJ",159500,0,358.8,0,0.00225
"MFJ",160000,0,283.8,0,0.00177
"MFJ",160500,0,283.8,0,0.00177
"MFJ",161000,0,208.8,0,0.0013
"MFJ",161500,0,208.8,0,0.00129
"MFJ",162000,0,133.8,0,0.00083
"MFJ",162500,0,133.8,0,0.00082
"MFJ",163000,0,58.8,0,0.00036
"MFJ",163500,0,58.8,0,0.00036
"MFJ",164000,0,0,0,0
"MFJ",164500,0,0,0,0
"MFJ",165000,0,0,0,0
"MFJ",165500,0,0,0,0
"MFJ",166000,0,0,0,0
"MFJ",166500,0,0,0,0
"MFJ",167000,0,0,0,0
"MFJ",167500,0,0,0,0
"MFJ",168000,0,0,0,0
"MFJ",168500,0,0,0,0
"MFJ",169000,0,0,0,0
"MFJ",169500,0,0,0,0
"MFJ",170000,0,0,0,0
"MFJ",170500,0,0,0,0
"MFJ",171000,0,0,0,0
"MFJ",171500,0,0,0,0
"MFJ",172000,0,0,0,0
"MFJ",172500,0,0,0,0
"MFJ",173000,0,0,0,0
"MFJ",173500,0,0,0,0
"MFJ",174000,0,0,0,0
"MFJ",174500,0,0,0,0
"MFJ",175000,0,0,0,0
"MFJ",175500,0,0,0,0
"MFJ",176000,0,0,0,0
"MFJ",176500,0,0,0,0
"MFJ",177000,0,0,0,0
"MFJ",177500,0,0,0,0
"MFJ",178000,0,0,0,0
"MFJ",178500,0,0,0,0
"MFJ",179000,0,0,0,0
"MFJ",179500,0,0,0,0
"MFJ",180000,0,0,0,0
