magi_bin_num,eligible_lbl_chr,weighted_n_num
0,Eligible (positive match),1267816.021572587
5000,Eligible (positive match),1949271.509862105
10000,Eligible (positive match),2715772.4359829556
15000,Eligible (positive match),3422823.8459854536
20000,Eligible (positive match),4010253.283717699
25000,Eligible (positive match),4615993.827365808
30000,Eligible (positive match),5180086.57444453
35000,Eligible (positive match),5760052.7258276995
40000,Eligible (positive match),5611188.337810212
40000,No match,596917.720118695
45000,Eligible (positive match),1745475.4753794326
45000,No match,3545562.9115739255
50000,Eligible (positive match),2104277.4153074385
50000,No match,3881453.4464226253
55000,Eligible (positive match),1764395.7853513851
55000,No match,2541286.090001511
60000,Eligible (positive match),1981934.379609008
60000,No match,2627177.8571940707
65000,Eligible (positive match),1436780.469223038
65000,No match,2616202.3864952736
70000,Eligible (positive match),1806673.0032324411
70000,No match,2551361.7841968997
75000,Eligible (positive match),1785076.7361849747
75000,No match,2124383.823330525
80000,Eligible (positive match),1427306.1620142541
80000,No match,1924619.6241249721
85000,Eligible (positive match),1170464.9033393299
85000,No match,2572456.2137830183
90000,No match,3369779.253429792
95000,No match,3119786.9864845336
100000,No match,3268618.378396734
105000,No match,2609528.4158505145
110000,No match,2770133.2731854883
115000,No match,2423165.5903708553
120000,No match,3051105.655930231
125000,No match,2536669.4996739314
130000,No match,2734203.8503911346
135000,No match,2074463.9397787065
140000,No match,1927576.5497416104
145000,No match,2172985.1486955634
