filing_group_chr,magi_num,schedule_chr,match_rate_pp_num
single_mfs,0,Expanded Policy,200
single_mfs,500,Expanded Policy,197.7295947326598
single_mfs,1000,Expanded Policy,195.45918946531955
single_mfs,1500,Expanded Policy,193.18878419797934
single_mfs,2000,Expanded Policy,190.9183789306391
single_mfs,2500,Expanded Policy,188.6479736632989
single_mfs,3000,Expanded Policy,186.37756839595866
single_mfs,3500,Expanded Policy,184.10716312861845
single_mfs,4000,Expanded Policy,181.83675786127824
single_mfs,4500,Expanded Policy,179.56635259393803
single_mfs,5000,Expanded Policy,177.2959473265978
single_mfs,5500,Expanded Policy,175.0255420592576
single_mfs,6000,Expanded Policy,172.75513679191735
single_mfs,6500,Expanded Policy,170.48473152457711
single_mfs,7000,Expanded Policy,168.2143262572369
single_mfs,7500,Expanded Policy,165.9439209898967
single_mfs,8000,Expanded Policy,163.6735157225565
single_mfs,8500,Expanded Policy,161.40311045521628
single_mfs,9000,Expanded Policy,159.13270518787604
single_mfs,9500,Expanded Policy,156.86229992053583
single_mfs,10000,Expanded Policy,154.5918946531956
single_mfs,10500,Expanded Policy,152.32148938585536
single_mfs,11000,Expanded Policy,150.05108411851515
single_mfs,11500,Expanded Policy,147.78067885117494
single_mfs,12000,Expanded Policy,145.51027358383473
single_mfs,12500,Expanded Policy,143.2398683164945
single_mfs,13000,Expanded Policy,140.96946304915429
single_mfs,13500,Expanded Policy,138.69905778181405
single_mfs,14000,Expanded Policy,136.4286525144738
single_mfs,14500,Expanded Policy,134.1582472471336
single_mfs,15000,Expanded Policy,131.8878419797934
single_mfs,15500,Expanded Policy,129.61743671245318
single_mfs,16000,Expanded Policy,127.34703144511298
single_mfs,16500,Expanded Policy,125.07662617777274
single_mfs,17000,Expanded Policy,122.80622091043251
single_mfs,17500,Expanded Policy,120.53581564309228
single_mfs,18000,Expanded Policy,118.26541037575207
single_mfs,18500,Expanded Policy,115.99500510841185
single_mfs,19000,Expanded Policy,113.72459984107164
single_mfs,19500,Expanded Policy,111.45419457373143
single_mfs,20000,Expanded Policy,109.18378930639119
single_mfs,20500,Expanded Policy,106.91338403905097
single_mfs,21000,Expanded Policy,104.64297877171074
single_mfs,21500,Expanded Policy,102.37257350437052
single_mfs,22000,Expanded Policy,100.10216823703031
single_mfs,22500,Expanded Policy,97.83176296969009
single_mfs,23000,Expanded Policy,95.56135770234985
single_mfs,23500,Expanded Policy,93.29095243500964
single_mfs,24000,Expanded Policy,91.02054716766943
single_mfs,24500,Expanded Policy,88.75014190032921
single_mfs,25000,Expanded Policy,86.47973663298897
single_mfs,25500,Expanded Policy,84.20933136564877
single_mfs,26000,Expanded Policy,81.93892609830856
single_mfs,26500,Expanded Policy,79.66852083096833
single_mfs,27000,Expanded Policy,77.3981155636281
single_mfs,27500,Expanded Policy,75.12771029628789
single_mfs,28000,Expanded Policy,72.85730502894768
single_mfs,28500,Expanded Policy,70.58689976160746
single_mfs,29000,Expanded Policy,68.31649449426722
single_mfs,29500,Expanded Policy,66.04608922692701
single_mfs,30000,Expanded Policy,63.77568395958679
single_mfs,30500,Expanded Policy,61.505278692246556
single_mfs,31000,Expanded Policy,59.23487342490634
single_mfs,31500,Expanded Policy,56.96446815756613
single_mfs,32000,Expanded Policy,54.694062890225915
single_mfs,32500,Expanded Policy,52.42365762288568
single_mfs,33000,Expanded Policy,50.15325235554546
single_mfs,33500,Expanded Policy,47.88284708820525
single_mfs,34000,Expanded Policy,45.61244182086504
single_mfs,34500,Expanded Policy,43.3420365535248
single_mfs,35000,Expanded Policy,41.071631286184584
single_mfs,35500,Expanded Policy,38.80122601884437
single_mfs,36000,Expanded Policy,36.53082075150414
single_mfs,36500,Expanded Policy,34.26041548416392
single_mfs,37000,Expanded Policy,31.990010216823705
single_mfs,37500,Expanded Policy,29.71960494948349
single_mfs,38000,Expanded Policy,27.449199682143256
single_mfs,38500,Expanded Policy,25.17879441480304
single_mfs,39000,Expanded Policy,22.908389147462827
single_mfs,39500,Expanded Policy,20.63798388012261
single_mfs,40000,Expanded Policy,18.367578612782374
single_mfs,40500,Expanded Policy,16.09717334544216
single_mfs,41000,Expanded Policy,13.826768078101948
single_mfs,41500,Expanded Policy,11.556362810761712
single_mfs,42000,Expanded Policy,9.285957543421496
single_mfs,42500,Expanded Policy,7.015552276081283
single_mfs,43000,Expanded Policy,4.7451470087410685
single_mfs,43500,Expanded Policy,2.474741741400832
single_mfs,44000,Expanded Policy,0.20433647406061795
single_mfs,44500,Expanded Policy,0
single_mfs,45000,Expanded Policy,0
single_mfs,45500,Expanded Policy,0
single_mfs,46000,Expanded Policy,0
single_mfs,46500,Expanded Policy,0
single_mfs,47000,Expanded Policy,0
single_mfs,47500,Expanded Policy,0
single_mfs,48000,Expanded Policy,0
single_mfs,48500,Expanded Policy,0
single_mfs,49000,Expanded Policy,0
single_mfs,49500,Expanded Policy,0
single_mfs,50000,Expanded Policy,0
single_mfs,50500,Expanded Policy,0
single_mfs,51000,Expanded Policy,0
single_mfs,51500,Expanded Policy,0
single_mfs,52000,Expanded Policy,0
single_mfs,52500,Expanded Policy,0
single_mfs,53000,Expanded Policy,0
single_mfs,53500,Expanded Policy,0
single_mfs,54000,Expanded Policy,0
single_mfs,54500,Expanded Policy,0
single_mfs,55000,Expanded Policy,0
single_mfs,55500,Expanded Policy,0
single_mfs,56000,Expanded Policy,0
single_mfs,56500,Expanded Policy,0
single_mfs,57000,Expanded Policy,0
single_mfs,57500,Expanded Policy,0
single_mfs,58000,Expanded Policy,0
single_mfs,58500,Expanded Policy,0
single_mfs,59000,Expanded Policy,0
single_mfs,59500,Expanded Policy,0
single_mfs,60000,Expanded Policy,0
single_mfs,60500,Expanded Policy,0
single_mfs,61000,Expanded Policy,0
single_mfs,61500,Expanded Policy,0
single_mfs,62000,Expanded Policy,0
single_mfs,62500,Expanded Policy,0
single_mfs,63000,Expanded Policy,0
single_mfs,63500,Expanded Policy,0
single_mfs,64000,Expanded Policy,0
single_mfs,64500,Expanded Policy,0
single_mfs,65000,Expanded Policy,0
single_mfs,65500,Expanded Policy,0
single_mfs,66000,Expanded Policy,0
single_mfs,66500,Expanded Policy,0
single_mfs,67000,Expanded Policy,0
single_mfs,67500,Expanded Policy,0
single_mfs,68000,Expanded Policy,0
single_mfs,68500,Expanded Policy,0
single_mfs,69000,Expanded Policy,0
single_mfs,69500,Expanded Policy,0
single_mfs,70000,Expanded Policy,0
single_mfs,70500,Expanded Policy,0
single_mfs,71000,Expanded Policy,0
single_mfs,71500,Expanded Policy,0
single_mfs,72000,Expanded Policy,0
single_mfs,72500,Expanded Policy,0
single_mfs,73000,Expanded Policy,0
single_mfs,73500,Expanded Policy,0
single_mfs,74000,Expanded Policy,0
single_mfs,74500,Expanded Policy,0
single_mfs,75000,Expanded Policy,0
single_mfs,75500,Expanded Policy,0
single_mfs,76000,Expanded Policy,0
single_mfs,76500,Expanded Policy,0
single_mfs,77000,Expanded Policy,0
single_mfs,77500,Expanded Policy,0
single_mfs,78000,Expanded Policy,0
single_mfs,78500,Expanded Policy,0
single_mfs,79000,Expanded Policy,0
single_mfs,79500,Expanded Policy,0
single_mfs,80000,Expanded Policy,0
single_mfs,80500,Expanded Policy,0
single_mfs,81000,Expanded Policy,0
single_mfs,81500,Expanded Policy,0
single_mfs,82000,Expanded Policy,0
single_mfs,82500,Expanded Policy,0
single_mfs,83000,Expanded Policy,0
single_mfs,83500,Expanded Policy,0
single_mfs,84000,Expanded Policy,0
single_mfs,84500,Expanded Policy,0
single_mfs,85000,Expanded Policy,0
single_mfs,85500,Expanded Policy,0
single_mfs,86000,Expanded Policy,0
single_mfs,86500,Expanded Policy,0
single_mfs,87000,Expanded Policy,0
single_mfs,87500,Expanded Policy,0
single_mfs,88000,Expanded Policy,0
single_mfs,88500,Expanded Policy,0
single_mfs,89000,Expanded Policy,0
single_mfs,89500,Expanded Policy,0
single_mfs,90000,Expanded Policy,0
mfj,0,Expanded Policy,200
mfj,500,Expanded Policy,198.8647973663299
mfj,1000,Expanded Policy,197.7295947326598
mfj,1500,Expanded Policy,196.5943920989897
mfj,2000,Expanded Policy,195.45918946531955
mfj,2500,Expanded Policy,194.32398683164945
mfj,3000,Expanded Policy,193.18878419797934
mfj,3500,Expanded Policy,192.05358156430924
mfj,4000,Expanded Policy,190.9183789306391
mfj,4500,Expanded Policy,189.783176296969
mfj,5000,Expanded Policy,188.6479736632989
mfj,5500,Expanded Policy,187.5127710296288
mfj,6000,Expanded Policy,186.37756839595866
mfj,6500,Expanded Policy,185.24236576228856
mfj,7000,Expanded Policy,184.10716312861845
mfj,7500,Expanded Policy,182.97196049494835
mfj,8000,Expanded Policy,181.83675786127824
mfj,8500,Expanded Policy,180.70155522760814
mfj,9000,Expanded Policy,179.56635259393803
mfj,9500,Expanded Policy,178.4311499602679
mfj,10000,Expanded Policy,177.2959473265978
mfj,10500,Expanded Policy,176.1607446929277
mfj,11000,Expanded Policy,175.0255420592576
mfj,11500,Expanded Policy,173.89033942558746
mfj,12000,Expanded Policy,172.75513679191735
mfj,12500,Expanded Policy,171.61993415824725
mfj,13000,Expanded Policy,170.48473152457711
mfj,13500,Expanded Policy,169.349528890907
mfj,14000,Expanded Policy,168.2143262572369
mfj,14500,Expanded Policy,167.0791236235668
mfj,15000,Expanded Policy,165.9439209898967
mfj,15500,Expanded Policy,164.8087183562266
mfj,16000,Expanded Policy,163.6735157225565
mfj,16500,Expanded Policy,162.53831308888635
mfj,17000,Expanded Policy,161.40311045521628
mfj,17500,Expanded Policy,160.26790782154615
mfj,18000,Expanded Policy,159.13270518787604
mfj,18500,Expanded Policy,157.99750255420594
mfj,19000,Expanded Policy,156.86229992053583
mfj,19500,Expanded Policy,155.7270972868657
mfj,20000,Expanded Policy,154.5918946531956
mfj,20500,Expanded Policy,153.4566920195255
mfj,21000,Expanded Policy,152.32148938585536
mfj,21500,Expanded Policy,151.18628675218525
mfj,22000,Expanded Policy,150.05108411851515
mfj,22500,Expanded Policy,148.91588148484504
mfj,23000,Expanded Policy,147.78067885117494
mfj,23500,Expanded Policy,146.6454762175048
mfj,24000,Expanded Policy,145.51027358383473
mfj,24500,Expanded Policy,144.3750709501646
mfj,25000,Expanded Policy,143.2398683164945
mfj,25500,Expanded Policy,142.1046656828244
mfj,26000,Expanded Policy,140.96946304915429
mfj,26500,Expanded Policy,139.83426041548418
mfj,27000,Expanded Policy,138.69905778181405
mfj,27500,Expanded Policy,137.56385514814394
mfj,28000,Expanded Policy,136.4286525144738
mfj,28500,Expanded Policy,135.29344988080373
mfj,29000,Expanded Policy,134.1582472471336
mfj,29500,Expanded Policy,133.0230446134635
mfj,30000,Expanded Policy,131.8878419797934
mfj,30500,Expanded Policy,130.75263934612326
mfj,31000,Expanded Policy,129.61743671245318
mfj,31500,Expanded Policy,128.48223407878305
mfj,32000,Expanded Policy,127.34703144511298
mfj,32500,Expanded Policy,126.21182881144284
mfj,33000,Expanded Policy,125.07662617777274
mfj,33500,Expanded Policy,123.94142354410262
mfj,34000,Expanded Policy,122.80622091043251
mfj,34500,Expanded Policy,121.67101827676241
mfj,35000,Expanded Policy,120.53581564309228
mfj,35500,Expanded Policy,119.4006130094222
mfj,36000,Expanded Policy,118.26541037575207
mfj,36500,Expanded Policy,117.13020774208196
mfj,37000,Expanded Policy,115.99500510841185
mfj,37500,Expanded Policy,114.85980247474174
mfj,38000,Expanded Policy,113.72459984107164
mfj,38500,Expanded Policy,112.5893972074015
mfj,39000,Expanded Policy,111.45419457373143
mfj,39500,Expanded Policy,110.3189919400613
mfj,40000,Expanded Policy,109.18378930639119
mfj,40500,Expanded Policy,108.04858667272109
mfj,41000,Expanded Policy,106.91338403905097
mfj,41500,Expanded Policy,105.77818140538086
mfj,42000,Expanded Policy,104.64297877171074
mfj,42500,Expanded Policy,103.50777613804065
mfj,43000,Expanded Policy,102.37257350437052
mfj,43500,Expanded Policy,101.23737087070042
mfj,44000,Expanded Policy,100.10216823703031
mfj,44500,Expanded Policy,98.96696560336021
mfj,45000,Expanded Policy,97.83176296969009
mfj,45500,Expanded Policy,96.69656033601999
mfj,46000,Expanded Policy,95.56135770234985
mfj,46500,Expanded Policy,94.42615506867975
mfj,47000,Expanded Policy,93.29095243500964
mfj,47500,Expanded Policy,92.15574980133954
mfj,48000,Expanded Policy,91.02054716766943
mfj,48500,Expanded Policy,89.88534453399933
mfj,49000,Expanded Policy,88.75014190032921
mfj,49500,Expanded Policy,87.6149392666591
mfj,50000,Expanded Policy,86.47973663298897
mfj,50500,Expanded Policy,85.34453399931887
mfj,51000,Expanded Policy,84.20933136564877
mfj,51500,Expanded Policy,83.07412873197866
mfj,52000,Expanded Policy,81.93892609830856
mfj,52500,Expanded Policy,80.80372346463844
mfj,53000,Expanded Policy,79.66852083096833
mfj,53500,Expanded Policy,78.5333181972982
mfj,54000,Expanded Policy,77.3981155636281
mfj,54500,Expanded Policy,76.26291292995799
mfj,55000,Expanded Policy,75.12771029628789
mfj,55500,Expanded Policy,73.99250766261778
mfj,56000,Expanded Policy,72.85730502894768
mfj,56500,Expanded Policy,71.72210239527756
mfj,57000,Expanded Policy,70.58689976160746
mfj,57500,Expanded Policy,69.45169712793732
mfj,58000,Expanded Policy,68.31649449426722
mfj,58500,Expanded Policy,67.18129186059711
mfj,59000,Expanded Policy,66.04608922692701
mfj,59500,Expanded Policy,64.9108865932569
mfj,60000,Expanded Policy,63.77568395958679
mfj,60500,Expanded Policy,62.64048132591669
mfj,61000,Expanded Policy,61.505278692246556
mfj,61500,Expanded Policy,60.37007605857645
mfj,62000,Expanded Policy,59.23487342490634
mfj,62500,Expanded Policy,58.099670791236235
mfj,63000,Expanded Policy,56.96446815756613
mfj,63500,Expanded Policy,55.82926552389602
mfj,64000,Expanded Policy,54.694062890225915
mfj,64500,Expanded Policy,53.55886025655578
mfj,65000,Expanded Policy,52.42365762288568
mfj,65500,Expanded Policy,51.28845498921557
mfj,66000,Expanded Policy,50.15325235554546
mfj,66500,Expanded Policy,49.01804972187536
mfj,67000,Expanded Policy,47.88284708820525
mfj,67500,Expanded Policy,46.74764445453514
mfj,68000,Expanded Policy,45.61244182086504
mfj,68500,Expanded Policy,44.477239187194904
mfj,69000,Expanded Policy,43.3420365535248
mfj,69500,Expanded Policy,42.20683391985469
mfj,70000,Expanded Policy,41.071631286184584
mfj,70500,Expanded Policy,39.93642865251448
mfj,71000,Expanded Policy,38.80122601884437
mfj,71500,Expanded Policy,37.66602338517426
mfj,72000,Expanded Policy,36.53082075150414
mfj,72500,Expanded Policy,35.395618117834026
mfj,73000,Expanded Policy,34.26041548416392
mfj,73500,Expanded Policy,33.12521285049381
mfj,74000,Expanded Policy,31.990010216823705
mfj,74500,Expanded Policy,30.854807583153598
mfj,75000,Expanded Policy,29.71960494948349
mfj,75500,Expanded Policy,28.584402315813364
mfj,76000,Expanded Policy,27.449199682143256
mfj,76500,Expanded Policy,26.313997048473148
mfj,77000,Expanded Policy,25.17879441480304
mfj,77500,Expanded Policy,24.043591781132932
mfj,78000,Expanded Policy,22.908389147462827
mfj,78500,Expanded Policy,21.77318651379272
mfj,79000,Expanded Policy,20.63798388012261
mfj,79500,Expanded Policy,19.502781246452482
mfj,80000,Expanded Policy,18.367578612782374
mfj,80500,Expanded Policy,17.23237597911227
mfj,81000,Expanded Policy,16.09717334544216
mfj,81500,Expanded Policy,14.961970711772054
mfj,82000,Expanded Policy,13.826768078101948
mfj,82500,Expanded Policy,12.691565444431841
mfj,83000,Expanded Policy,11.556362810761712
mfj,83500,Expanded Policy,10.421160177091604
mfj,84000,Expanded Policy,9.285957543421496
mfj,84500,Expanded Policy,8.15075490975139
mfj,85000,Expanded Policy,7.015552276081283
mfj,85500,Expanded Policy,5.880349642411176
mfj,86000,Expanded Policy,4.7451470087410685
mfj,86500,Expanded Policy,3.6099443750709392
mfj,87000,Expanded Policy,2.474741741400832
mfj,87500,Expanded Policy,1.339539107730725
mfj,88000,Expanded Policy,0.20433647406061795
mfj,88500,Expanded Policy,0
mfj,89000,Expanded Policy,0
mfj,89500,Expanded Policy,0
mfj,90000,Expanded Policy,0
hoh,0,Expanded Policy,200
hoh,500,Expanded Policy,198.48639648843985
hoh,1000,Expanded Policy,196.9727929768797
hoh,1500,Expanded Policy,195.45918946531955
hoh,2000,Expanded Policy,193.9455859537594
hoh,2500,Expanded Policy,192.43198244219926
hoh,3000,Expanded Policy,190.9183789306391
hoh,3500,Expanded Policy,189.40477541907896
hoh,4000,Expanded Policy,187.89117190751884
hoh,4500,Expanded Policy,186.37756839595866
hoh,5000,Expanded Policy,184.86396488439854
hoh,5500,Expanded Policy,183.35036137283836
hoh,6000,Expanded Policy,181.83675786127824
hoh,6500,Expanded Policy,180.3231543497181
hoh,7000,Expanded Policy,178.80955083815795
hoh,7500,Expanded Policy,177.2959473265978
hoh,8000,Expanded Policy,175.78234381503765
hoh,8500,Expanded Policy,174.2687403034775
hoh,9000,Expanded Policy,172.75513679191735
hoh,9500,Expanded Policy,171.2415332803572
hoh,10000,Expanded Policy,169.72792976879708
hoh,10500,Expanded Policy,168.2143262572369
hoh,11000,Expanded Policy,166.70072274567679
hoh,11500,Expanded Policy,165.1871192341166
hoh,12000,Expanded Policy,163.6735157225565
hoh,12500,Expanded Policy,162.15991221099634
hoh,13000,Expanded Policy,160.64630869943616
hoh,13500,Expanded Policy,159.13270518787604
hoh,14000,Expanded Policy,157.6191016763159
hoh,14500,Expanded Policy,156.10549816475574
hoh,15000,Expanded Policy,154.5918946531956
hoh,15500,Expanded Policy,153.07829114163545
hoh,16000,Expanded Policy,151.5646876300753
hoh,16500,Expanded Policy,150.05108411851515
hoh,17000,Expanded Policy,148.537480606955
hoh,17500,Expanded Policy,147.02387709539485
hoh,18000,Expanded Policy,145.51027358383473
hoh,18500,Expanded Policy,143.99667007227458
hoh,19000,Expanded Policy,142.4830665607144
hoh,19500,Expanded Policy,140.96946304915429
hoh,20000,Expanded Policy,139.45585953759414
hoh,20500,Expanded Policy,137.942256026034
hoh,21000,Expanded Policy,136.4286525144738
hoh,21500,Expanded Policy,134.9150490029137
hoh,22000,Expanded Policy,133.40144549135354
hoh,22500,Expanded Policy,131.8878419797934
hoh,23000,Expanded Policy,130.37423846823324
hoh,23500,Expanded Policy,128.8606349566731
hoh,24000,Expanded Policy,127.34703144511298
hoh,24500,Expanded Policy,125.83342793355281
hoh,25000,Expanded Policy,124.31982442199265
hoh,25500,Expanded Policy,122.80622091043251
hoh,26000,Expanded Policy,121.29261739887237
hoh,26500,Expanded Policy,119.77901388731223
hoh,27000,Expanded Policy,118.26541037575207
hoh,27500,Expanded Policy,116.7518068641919
hoh,28000,Expanded Policy,115.23820335263177
hoh,28500,Expanded Policy,113.72459984107164
hoh,29000,Expanded Policy,112.21099632951149
hoh,29500,Expanded Policy,110.69739281795133
hoh,30000,Expanded Policy,109.18378930639119
hoh,30500,Expanded Policy,107.67018579483106
hoh,31000,Expanded Policy,106.1565822832709
hoh,31500,Expanded Policy,104.64297877171074
hoh,32000,Expanded Policy,103.1293752601506
hoh,32500,Expanded Policy,101.61577174859046
hoh,33000,Expanded Policy,100.10216823703031
hoh,33500,Expanded Policy,98.58856472547018
hoh,34000,Expanded Policy,97.07496121391002
hoh,34500,Expanded Policy,95.56135770234985
hoh,35000,Expanded Policy,94.04775419078972
hoh,35500,Expanded Policy,92.53415067922957
hoh,36000,Expanded Policy,91.02054716766943
hoh,36500,Expanded Policy,89.50694365610927
hoh,37000,Expanded Policy,87.99334014454914
hoh,37500,Expanded Policy,86.47973663298897
hoh,38000,Expanded Policy,84.96613312142884
hoh,38500,Expanded Policy,83.45252960986869
hoh,39000,Expanded Policy,81.93892609830856
hoh,39500,Expanded Policy,80.4253225867484
hoh,40000,Expanded Policy,78.91171907518826
hoh,40500,Expanded Policy,77.3981155636281
hoh,41000,Expanded Policy,75.88451205206796
hoh,41500,Expanded Policy,74.37090854050781
hoh,42000,Expanded Policy,72.85730502894768
hoh,42500,Expanded Policy,71.34370151738752
hoh,43000,Expanded Policy,69.83009800582738
hoh,43500,Expanded Policy,68.31649449426722
hoh,44000,Expanded Policy,66.80289098270708
hoh,44500,Expanded Policy,65.28928747114693
hoh,45000,Expanded Policy,63.77568395958679
hoh,45500,Expanded Policy,62.26208044802664
hoh,46000,Expanded Policy,60.7484769364665
hoh,46500,Expanded Policy,59.23487342490634
hoh,47000,Expanded Policy,57.721269913346205
hoh,47500,Expanded Policy,56.20766640178605
hoh,48000,Expanded Policy,54.694062890225915
hoh,48500,Expanded Policy,53.18045937866576
hoh,49000,Expanded Policy,51.666855867105625
hoh,49500,Expanded Policy,50.15325235554546
hoh,50000,Expanded Policy,48.63964884398533
hoh,50500,Expanded Policy,47.12604533242517
hoh,51000,Expanded Policy,45.61244182086504
hoh,51500,Expanded Policy,44.09883830930488
hoh,52000,Expanded Policy,42.58523479774472
hoh,52500,Expanded Policy,41.071631286184584
hoh,53000,Expanded Policy,39.55802777462443
hoh,53500,Expanded Policy,38.04442426306429
hoh,54000,Expanded Policy,36.53082075150414
hoh,54500,Expanded Policy,35.017217239943996
hoh,55000,Expanded Policy,33.50361372838384
hoh,55500,Expanded Policy,31.990010216823705
hoh,56000,Expanded Policy,30.47640670526355
hoh,56500,Expanded Policy,28.96280319370341
hoh,57000,Expanded Policy,27.449199682143256
hoh,57500,Expanded Policy,25.935596170583118
hoh,58000,Expanded Policy,24.421992659022962
hoh,58500,Expanded Policy,22.908389147462827
hoh,59000,Expanded Policy,21.394785635902668
hoh,59500,Expanded Policy,19.881182124342534
hoh,60000,Expanded Policy,18.367578612782374
hoh,60500,Expanded Policy,16.85397510122224
hoh,61000,Expanded Policy,15.340371589662084
hoh,61500,Expanded Policy,13.826768078101948
hoh,62000,Expanded Policy,12.31316456654179
hoh,62500,Expanded Policy,10.799561054981655
hoh,63000,Expanded Policy,9.285957543421496
hoh,63500,Expanded Policy,7.7723540318613615
hoh,64000,Expanded Policy,6.258750520301204
hoh,64500,Expanded Policy,4.7451470087410685
hoh,65000,Expanded Policy,3.231543497180911
hoh,65500,Expanded Policy,1.7179399856207755
hoh,66000,Expanded Policy,0.20433647406061795
hoh,66500,Expanded Policy,0
hoh,67000,Expanded Policy,0
hoh,67500,Expanded Policy,0
hoh,68000,Expanded Policy,0
hoh,68500,Expanded Policy,0
hoh,69000,Expanded Policy,0
hoh,69500,Expanded Policy,0
hoh,70000,Expanded Policy,0
hoh,70500,Expanded Policy,0
hoh,71000,Expanded Policy,0
hoh,71500,Expanded Policy,0
hoh,72000,Expanded Policy,0
hoh,72500,Expanded Policy,0
hoh,73000,Expanded Policy,0
hoh,73500,Expanded Policy,0
hoh,74000,Expanded Policy,0
hoh,74500,Expanded Policy,0
hoh,75000,Expanded Policy,0
hoh,75500,Expanded Policy,0
hoh,76000,Expanded Policy,0
hoh,76500,Expanded Policy,0
hoh,77000,Expanded Policy,0
hoh,77500,Expanded Policy,0
hoh,78000,Expanded Policy,0
hoh,78500,Expanded Policy,0
hoh,79000,Expanded Policy,0
hoh,79500,Expanded Policy,0
hoh,80000,Expanded Policy,0
hoh,80500,Expanded Policy,0
hoh,81000,Expanded Policy,0
hoh,81500,Expanded Policy,0
hoh,82000,Expanded Policy,0
hoh,82500,Expanded Policy,0
hoh,83000,Expanded Policy,0
hoh,83500,Expanded Policy,0
hoh,84000,Expanded Policy,0
hoh,84500,Expanded Policy,0
hoh,85000,Expanded Policy,0
hoh,85500,Expanded Policy,0
hoh,86000,Expanded Policy,0
hoh,86500,Expanded Policy,0
hoh,87000,Expanded Policy,0
hoh,87500,Expanded Policy,0
hoh,88000,Expanded Policy,0
hoh,88500,Expanded Policy,0
hoh,89000,Expanded Policy,0
hoh,89500,Expanded Policy,0
hoh,90000,Expanded Policy,0
single_mfs,0,Saver's Match,50
single_mfs,500,Saver's Match,50
single_mfs,1000,Saver's Match,50
single_mfs,1500,Saver's Match,50
single_mfs,2000,Saver's Match,50
single_mfs,2500,Saver's Match,50
single_mfs,3000,Saver's Match,50
single_mfs,3500,Saver's Match,50
single_mfs,4000,Saver's Match,50
single_mfs,4500,Saver's Match,50
single_mfs,5000,Saver's Match,50
single_mfs,5500,Saver's Match,50
single_mfs,6000,Saver's Match,50
single_mfs,6500,Saver's Match,50
single_mfs,7000,Saver's Match,50
single_mfs,7500,Saver's Match,50
single_mfs,8000,Saver's Match,50
single_mfs,8500,Saver's Match,50
single_mfs,9000,Saver's Match,50
single_mfs,9500,Saver's Match,50
single_mfs,10000,Saver's Match,50
single_mfs,10500,Saver's Match,50
single_mfs,11000,Saver's Match,50
single_mfs,11500,Saver's Match,50
single_mfs,12000,Saver's Match,50
single_mfs,12500,Saver's Match,50
single_mfs,13000,Saver's Match,50
single_mfs,13500,Saver's Match,50
single_mfs,14000,Saver's Match,50
single_mfs,14500,Saver's Match,50
single_mfs,15000,Saver's Match,50
single_mfs,15500,Saver's Match,50
single_mfs,16000,Saver's Match,50
single_mfs,16500,Saver's Match,50
single_mfs,17000,Saver's Match,50
single_mfs,17500,Saver's Match,50
single_mfs,18000,Saver's Match,50
single_mfs,18500,Saver's Match,50
single_mfs,19000,Saver's Match,50
single_mfs,19500,Saver's Match,50
single_mfs,20000,Saver's Match,50
single_mfs,20500,Saver's Match,50
single_mfs,21000,Saver's Match,48.333333333333336
single_mfs,21500,Saver's Match,46.666666666666664
single_mfs,22000,Saver's Match,45
single_mfs,22500,Saver's Match,43.333333333333336
single_mfs,23000,Saver's Match,41.666666666666664
single_mfs,23500,Saver's Match,40
single_mfs,24000,Saver's Match,38.333333333333336
single_mfs,24500,Saver's Match,36.666666666666664
single_mfs,25000,Saver's Match,35
single_mfs,25500,Saver's Match,33.333333333333336
single_mfs,26000,Saver's Match,31.666666666666668
single_mfs,26500,Saver's Match,30
single_mfs,27000,Saver's Match,28.333333333333332
single_mfs,27500,Saver's Match,26.666666666666668
single_mfs,28000,Saver's Match,25
single_mfs,28500,Saver's Match,23.333333333333332
single_mfs,29000,Saver's Match,21.666666666666668
single_mfs,29500,Saver's Match,20
single_mfs,30000,Saver's Match,18.333333333333332
single_mfs,30500,Saver's Match,16.666666666666668
single_mfs,31000,Saver's Match,15
single_mfs,31500,Saver's Match,13.333333333333334
single_mfs,32000,Saver's Match,11.666666666666666
single_mfs,32500,Saver's Match,10
single_mfs,33000,Saver's Match,8.333333333333334
single_mfs,33500,Saver's Match,6.666666666666667
single_mfs,34000,Saver's Match,5
single_mfs,34500,Saver's Match,3.3333333333333335
single_mfs,35000,Saver's Match,1.6666666666666667
single_mfs,35500,Saver's Match,0
single_mfs,36000,Saver's Match,0
single_mfs,36500,Saver's Match,0
single_mfs,37000,Saver's Match,0
single_mfs,37500,Saver's Match,0
single_mfs,38000,Saver's Match,0
single_mfs,38500,Saver's Match,0
single_mfs,39000,Saver's Match,0
single_mfs,39500,Saver's Match,0
single_mfs,40000,Saver's Match,0
single_mfs,40500,Saver's Match,0
single_mfs,41000,Saver's Match,0
single_mfs,41500,Saver's Match,0
single_mfs,42000,Saver's Match,0
single_mfs,42500,Saver's Match,0
single_mfs,43000,Saver's Match,0
single_mfs,43500,Saver's Match,0
single_mfs,44000,Saver's Match,0
single_mfs,44500,Saver's Match,0
single_mfs,45000,Saver's Match,0
single_mfs,45500,Saver's Match,0
single_mfs,46000,Saver's Match,0
single_mfs,46500,Saver's Match,0
single_mfs,47000,Saver's Match,0
single_mfs,47500,Saver's Match,0
single_mfs,48000,Saver's Match,0
single_mfs,48500,Saver's Match,0
single_mfs,49000,Saver's Match,0
single_mfs,49500,Saver's Match,0
single_mfs,50000,Saver's Match,0
single_mfs,50500,Saver's Match,0
single_mfs,51000,Saver's Match,0
single_mfs,51500,Saver's Match,0
single_mfs,52000,Saver's Match,0
single_mfs,52500,Saver's Match,0
single_mfs,53000,Saver's Match,0
single_mfs,53500,Saver's Match,0
single_mfs,54000,Saver's Match,0
single_mfs,54500,Saver's Match,0
single_mfs,55000,Saver's Match,0
single_mfs,55500,Saver's Match,0
single_mfs,56000,Saver's Match,0
single_mfs,56500,Saver's Match,0
single_mfs,57000,Saver's Match,0
single_mfs,57500,Saver's Match,0
single_mfs,58000,Saver's Match,0
single_mfs,58500,Saver's Match,0
single_mfs,59000,Saver's Match,0
single_mfs,59500,Saver's Match,0
single_mfs,60000,Saver's Match,0
single_mfs,60500,Saver's Match,0
single_mfs,61000,Saver's Match,0
single_mfs,61500,Saver's Match,0
single_mfs,62000,Saver's Match,0
single_mfs,62500,Saver's Match,0
single_mfs,63000,Saver's Match,0
single_mfs,63500,Saver's Match,0
single_mfs,64000,Saver's Match,0
single_mfs,64500,Saver's Match,0
single_mfs,65000,Saver's Match,0
single_mfs,65500,Saver's Match,0
single_mfs,66000,Saver's Match,0
single_mfs,66500,Saver's Match,0
single_mfs,67000,Saver's Match,0
single_mfs,67500,Saver's Match,0
single_mfs,68000,Saver's Match,0
single_mfs,68500,Saver's Match,0
single_mfs,69000,Saver's Match,0
single_mfs,69500,Saver's Match,0
single_mfs,70000,Saver's Match,0
single_mfs,70500,Saver's Match,0
single_mfs,71000,Saver's Match,0
single_mfs,71500,Saver's Match,0
single_mfs,72000,Saver's Match,0
single_mfs,72500,Saver's Match,0
single_mfs,73000,Saver's Match,0
single_mfs,73500,Saver's Match,0
single_mfs,74000,Saver's Match,0
single_mfs,74500,Saver's Match,0
single_mfs,75000,Saver's Match,0
single_mfs,75500,Saver's Match,0
single_mfs,76000,Saver's Match,0
single_mfs,76500,Saver's Match,0
single_mfs,77000,Saver's Match,0
single_mfs,77500,Saver's Match,0
single_mfs,78000,Saver's Match,0
single_mfs,78500,Saver's Match,0
single_mfs,79000,Saver's Match,0
single_mfs,79500,Saver's Match,0
single_mfs,80000,Saver's Match,0
single_mfs,80500,Saver's Match,0
single_mfs,81000,Saver's Match,0
single_mfs,81500,Saver's Match,0
single_mfs,82000,Saver's Match,0
single_mfs,82500,Saver's Match,0
single_mfs,83000,Saver's Match,0
single_mfs,83500,Saver's Match,0
single_mfs,84000,Saver's Match,0
single_mfs,84500,Saver's Match,0
single_mfs,85000,Saver's Match,0
single_mfs,85500,Saver's Match,0
single_mfs,86000,Saver's Match,0
single_mfs,86500,Saver's Match,0
single_mfs,87000,Saver's Match,0
single_mfs,87500,Saver's Match,0
single_mfs,88000,Saver's Match,0
single_mfs,88500,Saver's Match,0
single_mfs,89000,Saver's Match,0
single_mfs,89500,Saver's Match,0
single_mfs,90000,Saver's Match,0
mfj,0,Saver's Match,50
mfj,500,Saver's Match,50
mfj,1000,Saver's Match,50
mfj,1500,Saver's Match,50
mfj,2000,Saver's Match,50
mfj,2500,Saver's Match,50
mfj,3000,Saver's Match,50
mfj,3500,Saver's Match,50
mfj,4000,Saver's Match,50
mfj,4500,Saver's Match,50
mfj,5000,Saver's Match,50
mfj,5500,Saver's Match,50
mfj,6000,Saver's Match,50
mfj,6500,Saver's Match,50
mfj,7000,Saver's Match,50
mfj,7500,Saver's Match,50
mfj,8000,Saver's Match,50
mfj,8500,Saver's Match,50
mfj,9000,Saver's Match,50
mfj,9500,Saver's Match,50
mfj,10000,Saver's Match,50
mfj,10500,Saver's Match,50
mfj,11000,Saver's Match,50
mfj,11500,Saver's Match,50
mfj,12000,Saver's Match,50
mfj,12500,Saver's Match,50
mfj,13000,Saver's Match,50
mfj,13500,Saver's Match,50
mfj,14000,Saver's Match,50
mfj,14500,Saver's Match,50
mfj,15000,Saver's Match,50
mfj,15500,Saver's Match,50
mfj,16000,Saver's Match,50
mfj,16500,Saver's Match,50
mfj,17000,Saver's Match,50
mfj,17500,Saver's Match,50
mfj,18000,Saver's Match,50
mfj,18500,Saver's Match,50
mfj,19000,Saver's Match,50
mfj,19500,Saver's Match,50
mfj,20000,Saver's Match,50
mfj,20500,Saver's Match,50
mfj,21000,Saver's Match,50
mfj,21500,Saver's Match,50
mfj,22000,Saver's Match,50
mfj,22500,Saver's Match,50
mfj,23000,Saver's Match,50
mfj,23500,Saver's Match,50
mfj,24000,Saver's Match,50
mfj,24500,Saver's Match,50
mfj,25000,Saver's Match,50
mfj,25500,Saver's Match,50
mfj,26000,Saver's Match,50
mfj,26500,Saver's Match,50
mfj,27000,Saver's Match,50
mfj,27500,Saver's Match,50
mfj,28000,Saver's Match,50
mfj,28500,Saver's Match,50
mfj,29000,Saver's Match,50
mfj,29500,Saver's Match,50
mfj,30000,Saver's Match,50
mfj,30500,Saver's Match,50
mfj,31000,Saver's Match,50
mfj,31500,Saver's Match,50
mfj,32000,Saver's Match,50
mfj,32500,Saver's Match,50
mfj,33000,Saver's Match,50
mfj,33500,Saver's Match,50
mfj,34000,Saver's Match,50
mfj,34500,Saver's Match,50
mfj,35000,Saver's Match,50
mfj,35500,Saver's Match,50
mfj,36000,Saver's Match,50
mfj,36500,Saver's Match,50
mfj,37000,Saver's Match,50
mfj,37500,Saver's Match,50
mfj,38000,Saver's Match,50
mfj,38500,Saver's Match,50
mfj,39000,Saver's Match,50
mfj,39500,Saver's Match,50
mfj,40000,Saver's Match,50
mfj,40500,Saver's Match,50
mfj,41000,Saver's Match,50
mfj,41500,Saver's Match,49.166666666666664
mfj,42000,Saver's Match,48.333333333333336
mfj,42500,Saver's Match,47.5
mfj,43000,Saver's Match,46.666666666666664
mfj,43500,Saver's Match,45.833333333333336
mfj,44000,Saver's Match,45
mfj,44500,Saver's Match,44.166666666666664
mfj,45000,Saver's Match,43.333333333333336
mfj,45500,Saver's Match,42.5
mfj,46000,Saver's Match,41.666666666666664
mfj,46500,Saver's Match,40.833333333333336
mfj,47000,Saver's Match,40
mfj,47500,Saver's Match,39.166666666666664
mfj,48000,Saver's Match,38.333333333333336
mfj,48500,Saver's Match,37.5
mfj,49000,Saver's Match,36.666666666666664
mfj,49500,Saver's Match,35.833333333333336
mfj,50000,Saver's Match,35
mfj,50500,Saver's Match,34.166666666666664
mfj,51000,Saver's Match,33.333333333333336
mfj,51500,Saver's Match,32.5
mfj,52000,Saver's Match,31.666666666666668
mfj,52500,Saver's Match,30.833333333333332
mfj,53000,Saver's Match,30
mfj,53500,Saver's Match,29.166666666666668
mfj,54000,Saver's Match,28.333333333333332
mfj,54500,Saver's Match,27.5
mfj,55000,Saver's Match,26.666666666666668
mfj,55500,Saver's Match,25.833333333333332
mfj,56000,Saver's Match,25
mfj,56500,Saver's Match,24.166666666666668
mfj,57000,Saver's Match,23.333333333333332
mfj,57500,Saver's Match,22.5
mfj,58000,Saver's Match,21.666666666666668
mfj,58500,Saver's Match,20.833333333333332
mfj,59000,Saver's Match,20
mfj,59500,Saver's Match,19.166666666666668
mfj,60000,Saver's Match,18.333333333333332
mfj,60500,Saver's Match,17.5
mfj,61000,Saver's Match,16.666666666666668
mfj,61500,Saver's Match,15.833333333333334
mfj,62000,Saver's Match,15
mfj,62500,Saver's Match,14.166666666666666
mfj,63000,Saver's Match,13.333333333333334
mfj,63500,Saver's Match,12.5
mfj,64000,Saver's Match,11.666666666666666
mfj,64500,Saver's Match,10.833333333333334
mfj,65000,Saver's Match,10
mfj,65500,Saver's Match,9.166666666666666
mfj,66000,Saver's Match,8.333333333333334
mfj,66500,Saver's Match,7.5
mfj,67000,Saver's Match,6.666666666666667
mfj,67500,Saver's Match,5.833333333333333
mfj,68000,Saver's Match,5
mfj,68500,Saver's Match,4.166666666666667
mfj,69000,Saver's Match,3.3333333333333335
mfj,69500,Saver's Match,2.5
mfj,70000,Saver's Match,1.6666666666666667
mfj,70500,Saver's Match,0.8333333333333334
mfj,71000,Saver's Match,0
mfj,71500,Saver's Match,0
mfj,72000,Saver's Match,0
mfj,72500,Saver's Match,0
mfj,73000,Saver's Match,0
mfj,73500,Saver's Match,0
mfj,74000,Saver's Match,0
mfj,74500,Saver's Match,0
mfj,75000,Saver's Match,0
mfj,75500,Saver's Match,0
mfj,76000,Saver's Match,0
mfj,76500,Saver's Match,0
mfj,77000,Saver's Match,0
mfj,77500,Saver's Match,0
mfj,78000,Saver's Match,0
mfj,78500,Saver's Match,0
mfj,79000,Saver's Match,0
mfj,79500,Saver's Match,0
mfj,80000,Saver's Match,0
mfj,80500,Saver's Match,0
mfj,81000,Saver's Match,0
mfj,81500,Saver's Match,0
mfj,82000,Saver's Match,0
mfj,82500,Saver's Match,0
mfj,83000,Saver's Match,0
mfj,83500,Saver's Match,0
mfj,84000,Saver's Match,0
mfj,84500,Saver's Match,0
mfj,85000,Saver's Match,0
mfj,85500,Saver's Match,0
mfj,86000,Saver's Match,0
mfj,86500,Saver's Match,0
mfj,87000,Saver's Match,0
mfj,87500,Saver's Match,0
mfj,88000,Saver's Match,0
mfj,88500,Saver's Match,0
mfj,89000,Saver's Match,0
mfj,89500,Saver's Match,0
mfj,90000,Saver's Match,0
hoh,0,Saver's Match,50
hoh,500,Saver's Match,50
hoh,1000,Saver's Match,50
hoh,1500,Saver's Match,50
hoh,2000,Saver's Match,50
hoh,2500,Saver's Match,50
hoh,3000,Saver's Match,50
hoh,3500,Saver's Match,50
hoh,4000,Saver's Match,50
hoh,4500,Saver's Match,50
hoh,5000,Saver's Match,50
hoh,5500,Saver's Match,50
hoh,6000,Saver's Match,50
hoh,6500,Saver's Match,50
hoh,7000,Saver's Match,50
hoh,7500,Saver's Match,50
hoh,8000,Saver's Match,50
hoh,8500,Saver's Match,50
hoh,9000,Saver's Match,50
hoh,9500,Saver's Match,50
hoh,10000,Saver's Match,50
hoh,10500,Saver's Match,50
hoh,11000,Saver's Match,50
hoh,11500,Saver's Match,50
hoh,12000,Saver's Match,50
hoh,12500,Saver's Match,50
hoh,13000,Saver's Match,50
hoh,13500,Saver's Match,50
hoh,14000,Saver's Match,50
hoh,14500,Saver's Match,50
hoh,15000,Saver's Match,50
hoh,15500,Saver's Match,50
hoh,16000,Saver's Match,50
hoh,16500,Saver's Match,50
hoh,17000,Saver's Match,50
hoh,17500,Saver's Match,50
hoh,18000,Saver's Match,50
hoh,18500,Saver's Match,50
hoh,19000,Saver's Match,50
hoh,19500,Saver's Match,50
hoh,20000,Saver's Match,50
hoh,20500,Saver's Match,50
hoh,21000,Saver's Match,50
hoh,21500,Saver's Match,50
hoh,22000,Saver's Match,50
hoh,22500,Saver's Match,50
hoh,23000,Saver's Match,50
hoh,23500,Saver's Match,50
hoh,24000,Saver's Match,50
hoh,24500,Saver's Match,50
hoh,25000,Saver's Match,50
hoh,25500,Saver's Match,50
hoh,26000,Saver's Match,50
hoh,26500,Saver's Match,50
hoh,27000,Saver's Match,50
hoh,27500,Saver's Match,50
hoh,28000,Saver's Match,50
hoh,28500,Saver's Match,50
hoh,29000,Saver's Match,50
hoh,29500,Saver's Match,50
hoh,30000,Saver's Match,50
hoh,30500,Saver's Match,50
hoh,31000,Saver's Match,49.44444444444444
hoh,31500,Saver's Match,48.333333333333336
hoh,32000,Saver's Match,47.22222222222222
hoh,32500,Saver's Match,46.111111111111114
hoh,33000,Saver's Match,45
hoh,33500,Saver's Match,43.888888888888886
hoh,34000,Saver's Match,42.77777777777778
hoh,34500,Saver's Match,41.666666666666664
hoh,35000,Saver's Match,40.55555555555556
hoh,35500,Saver's Match,39.44444444444444
hoh,36000,Saver's Match,38.333333333333336
hoh,36500,Saver's Match,37.22222222222222
hoh,37000,Saver's Match,36.111111111111114
hoh,37500,Saver's Match,35
hoh,38000,Saver's Match,33.888888888888886
hoh,38500,Saver's Match,32.77777777777778
hoh,39000,Saver's Match,31.666666666666668
hoh,39500,Saver's Match,30.555555555555557
hoh,40000,Saver's Match,29.444444444444443
hoh,40500,Saver's Match,28.333333333333332
hoh,41000,Saver's Match,27.22222222222222
hoh,41500,Saver's Match,26.11111111111111
hoh,42000,Saver's Match,25
hoh,42500,Saver's Match,23.88888888888889
hoh,43000,Saver's Match,22.77777777777778
hoh,43500,Saver's Match,21.666666666666668
hoh,44000,Saver's Match,20.555555555555557
hoh,44500,Saver's Match,19.444444444444443
hoh,45000,Saver's Match,18.333333333333332
hoh,45500,Saver's Match,17.22222222222222
hoh,46000,Saver's Match,16.11111111111111
hoh,46500,Saver's Match,15
hoh,47000,Saver's Match,13.88888888888889
hoh,47500,Saver's Match,12.777777777777779
hoh,48000,Saver's Match,11.666666666666666
hoh,48500,Saver's Match,10.555555555555555
hoh,49000,Saver's Match,9.444444444444445
hoh,49500,Saver's Match,8.333333333333334
hoh,50000,Saver's Match,7.222222222222222
hoh,50500,Saver's Match,6.111111111111111
hoh,51000,Saver's Match,5
hoh,51500,Saver's Match,3.888888888888889
hoh,52000,Saver's Match,2.7777777777777777
hoh,52500,Saver's Match,1.6666666666666667
hoh,53000,Saver's Match,0.5555555555555556
hoh,53500,Saver's Match,0
hoh,54000,Saver's Match,0
hoh,54500,Saver's Match,0
hoh,55000,Saver's Match,0
hoh,55500,Saver's Match,0
hoh,56000,Saver's Match,0
hoh,56500,Saver's Match,0
hoh,57000,Saver's Match,0
hoh,57500,Saver's Match,0
hoh,58000,Saver's Match,0
hoh,58500,Saver's Match,0
hoh,59000,Saver's Match,0
hoh,59500,Saver's Match,0
hoh,60000,Saver's Match,0
hoh,60500,Saver's Match,0
hoh,61000,Saver's Match,0
hoh,61500,Saver's Match,0
hoh,62000,Saver's Match,0
hoh,62500,Saver's Match,0
hoh,63000,Saver's Match,0
hoh,63500,Saver's Match,0
hoh,64000,Saver's Match,0
hoh,64500,Saver's Match,0
hoh,65000,Saver's Match,0
hoh,65500,Saver's Match,0
hoh,66000,Saver's Match,0
hoh,66500,Saver's Match,0
hoh,67000,Saver's Match,0
hoh,67500,Saver's Match,0
hoh,68000,Saver's Match,0
hoh,68500,Saver's Match,0
hoh,69000,Saver's Match,0
hoh,69500,Saver's Match,0
hoh,70000,Saver's Match,0
hoh,70500,Saver's Match,0
hoh,71000,Saver's Match,0
hoh,71500,Saver's Match,0
hoh,72000,Saver's Match,0
hoh,72500,Saver's Match,0
hoh,73000,Saver's Match,0
hoh,73500,Saver's Match,0
hoh,74000,Saver's Match,0
hoh,74500,Saver's Match,0
hoh,75000,Saver's Match,0
hoh,75500,Saver's Match,0
hoh,76000,Saver's Match,0
hoh,76500,Saver's Match,0
hoh,77000,Saver's Match,0
hoh,77500,Saver's Match,0
hoh,78000,Saver's Match,0
hoh,78500,Saver's Match,0
hoh,79000,Saver's Match,0
hoh,79500,Saver's Match,0
hoh,80000,Saver's Match,0
hoh,80500,Saver's Match,0
hoh,81000,Saver's Match,0
hoh,81500,Saver's Match,0
hoh,82000,Saver's Match,0
hoh,82500,Saver's Match,0
hoh,83000,Saver's Match,0
hoh,83500,Saver's Match,0
hoh,84000,Saver's Match,0
hoh,84500,Saver's Match,0
hoh,85000,Saver's Match,0
hoh,85500,Saver's Match,0
hoh,86000,Saver's Match,0
hoh,86500,Saver's Match,0
hoh,87000,Saver's Match,0
hoh,87500,Saver's Match,0
hoh,88000,Saver's Match,0
hoh,88500,Saver's Match,0
hoh,89000,Saver's Match,0
hoh,89500,Saver's Match,0
hoh,90000,Saver's Match,0
