variant_chr,magi_num,seed_num
Flat $100 (headline),0,100
Flat $100 (headline),250,100
Flat $100 (headline),500,100
Flat $100 (headline),750,100
Flat $100 (headline),1000,100
Flat $100 (headline),1250,100
Flat $100 (headline),1500,100
Flat $100 (headline),1750,100
Flat $100 (headline),2000,100
Flat $100 (headline),2250,100
Flat $100 (headline),2500,100
Flat $100 (headline),2750,100
Flat $100 (headline),3000,100
Flat $100 (headline),3250,100
Flat $100 (headline),3500,100
Flat $100 (headline),3750,100
Flat $100 (headline),4000,100
Flat $100 (headline),4250,100
Flat $100 (headline),4500,100
Flat $100 (headline),4750,100
Flat $100 (headline),5000,100
Flat $100 (headline),5250,100
Flat $100 (headline),5500,100
Flat $100 (headline),5750,100
Flat $100 (headline),6000,100
Flat $100 (headline),6250,100
Flat $100 (headline),6500,100
Flat $100 (headline),6750,100
Flat $100 (headline),7000,100
Flat $100 (headline),7250,100
Flat $100 (headline),7500,100
Flat $100 (headline),7750,100
Flat $100 (headline),8000,100
Flat $100 (headline),8250,100
Flat $100 (headline),8500,100
Flat $100 (headline),8750,100
Flat $100 (headline),9000,100
Flat $100 (headline),9250,100
Flat $100 (headline),9500,100
Flat $100 (headline),9750,100
Flat $100 (headline),10000,100
Flat $100 (headline),10250,100
Flat $100 (headline),10500,100
Flat $100 (headline),10750,100
Flat $100 (headline),11000,100
Flat $100 (headline),11250,100
Flat $100 (headline),11500,100
Flat $100 (headline),11750,100
Flat $100 (headline),12000,100
Flat $100 (headline),12250,100
Flat $100 (headline),12500,100
Flat $100 (headline),12750,100
Flat $100 (headline),13000,100
Flat $100 (headline),13250,100
Flat $100 (headline),13500,100
Flat $100 (headline),13750,100
Flat $100 (headline),14000,100
Flat $100 (headline),14250,100
Flat $100 (headline),14500,100
Flat $100 (headline),14750,100
Flat $100 (headline),15000,100
Flat $100 (headline),15250,100
Flat $100 (headline),15500,100
Flat $100 (headline),15750,100
Flat $100 (headline),16000,100
Flat $100 (headline),16250,100
Flat $100 (headline),16500,100
Flat $100 (headline),16750,100
Flat $100 (headline),17000,100
Flat $100 (headline),17250,100
Flat $100 (headline),17500,100
Flat $100 (headline),17750,100
Flat $100 (headline),18000,100
Flat $100 (headline),18250,100
Flat $100 (headline),18500,100
Flat $100 (headline),18750,100
Flat $100 (headline),19000,100
Flat $100 (headline),19250,100
Flat $100 (headline),19500,100
Flat $100 (headline),19750,100
Flat $100 (headline),20000,100
Flat $100 (headline),20250,100
Flat $100 (headline),20500,100
Flat $100 (headline),20750,100
Flat $100 (headline),21000,100
Flat $100 (headline),21250,100
Flat $100 (headline),21500,100
Flat $100 (headline),21750,100
Flat $100 (headline),22000,100
Flat $100 (headline),22250,100
Flat $100 (headline),22500,100
Flat $100 (headline),22750,100
Flat $100 (headline),23000,100
Flat $100 (headline),23250,100
Flat $100 (headline),23500,100
Flat $100 (headline),23750,100
Flat $100 (headline),24000,100
Flat $100 (headline),24250,100
Flat $100 (headline),24500,100
Flat $100 (headline),24750,100
Flat $100 (headline),25000,100
Flat $100 (headline),25250,100
Flat $100 (headline),25500,100
Flat $100 (headline),25750,100
Flat $100 (headline),26000,100
Flat $100 (headline),26250,100
Flat $100 (headline),26500,100
Flat $100 (headline),26750,100
Flat $100 (headline),27000,100
Flat $100 (headline),27250,100
Flat $100 (headline),27500,100
Flat $100 (headline),27750,100
Flat $100 (headline),28000,100
Flat $100 (headline),28250,100
Flat $100 (headline),28500,100
Flat $100 (headline),28750,100
Flat $100 (headline),29000,100
Flat $100 (headline),29250,100
Flat $100 (headline),29500,100
Flat $100 (headline),29750,100
Flat $100 (headline),30000,100
Flat $100 (headline),30250,100
Flat $100 (headline),30500,100
Flat $100 (headline),30750,100
Flat $100 (headline),31000,100
Flat $100 (headline),31250,100
Flat $100 (headline),31500,100
Flat $100 (headline),31750,100
Flat $100 (headline),32000,100
Flat $100 (headline),32250,100
Flat $100 (headline),32500,100
Flat $100 (headline),32750,100
Flat $100 (headline),33000,100
Flat $100 (headline),33250,100
Flat $100 (headline),33500,100
Flat $100 (headline),33750,100
Flat $100 (headline),34000,100
Flat $100 (headline),34250,100
Flat $100 (headline),34500,100
Flat $100 (headline),34750,100
Flat $100 (headline),35000,100
Flat $100 (headline),35250,100
Flat $100 (headline),35500,100
Flat $100 (headline),35750,100
Flat $100 (headline),36000,100
Flat $100 (headline),36250,100
Flat $100 (headline),36500,100
Flat $100 (headline),36750,100
Flat $100 (headline),37000,100
Flat $100 (headline),37250,100
Flat $100 (headline),37500,100
Flat $100 (headline),37750,100
Flat $100 (headline),38000,100
Flat $100 (headline),38250,100
Flat $100 (headline),38500,100
Flat $100 (headline),38750,100
Flat $100 (headline),39000,100
Flat $100 (headline),39250,100
Flat $100 (headline),39500,100
Flat $100 (headline),39750,100
Flat $100 (headline),40000,100
Flat $100 (headline),40250,100
Flat $100 (headline),40500,100
Flat $100 (headline),40750,100
Flat $100 (headline),41000,100
Flat $100 (headline),41250,100
Flat $100 (headline),41500,100
Flat $100 (headline),41750,100
Flat $100 (headline),42000,100
Flat $100 (headline),42250,100
Flat $100 (headline),42500,100
Flat $100 (headline),42750,100
Flat $100 (headline),43000,100
Flat $100 (headline),43250,100
Flat $100 (headline),43500,100
Flat $100 (headline),43750,100
Flat $100 (headline),44000,100
Flat $100 (headline),44250,0
Flat $100 (headline),44500,0
Flat $100 (headline),44750,0
Flat $100 (headline),45000,0
Flat $100 (headline),45250,0
Flat $100 (headline),45500,0
Flat $100 (headline),45750,0
Flat $100 (headline),46000,0
Flat $100 (headline),46250,0
Flat $100 (headline),46500,0
Flat $100 (headline),46750,0
Flat $100 (headline),47000,0
Flat $100 (headline),47250,0
Flat $100 (headline),47500,0
Flat $100 (headline),47750,0
Flat $100 (headline),48000,0
Flat $100 (headline),48250,0
Flat $100 (headline),48500,0
Flat $100 (headline),48750,0
Flat $100 (headline),49000,0
Flat $100 (headline),49250,0
Flat $100 (headline),49500,0
Flat $100 (headline),49750,0
Flat $100 (headline),50000,0
Flat $100 (headline),50250,0
Flat $100 (headline),50500,0
Flat $100 (headline),50750,0
Flat $100 (headline),51000,0
Flat $100 (headline),51250,0
Flat $100 (headline),51500,0
Flat $100 (headline),51750,0
Flat $100 (headline),52000,0
Flat $100 (headline),52250,0
Flat $100 (headline),52500,0
Flat $100 (headline),52750,0
Flat $100 (headline),53000,0
Flat $100 (headline),53250,0
Flat $100 (headline),53500,0
Flat $100 (headline),53750,0
Flat $100 (headline),54000,0
Flat $100 (headline),54250,0
Flat $100 (headline),54500,0
Flat $100 (headline),54750,0
Flat $100 (headline),55000,0
Flat $100 (headline),55250,0
Flat $100 (headline),55500,0
Flat $100 (headline),55750,0
Flat $100 (headline),56000,0
Pro-rata with match rate,0,100
Pro-rata with match rate,250,99.43239868316496
Pro-rata with match rate,500,98.8647973663299
Pro-rata with match rate,750,98.29719604949486
Pro-rata with match rate,1000,97.72959473265978
Pro-rata with match rate,1250,97.16199341582472
Pro-rata with match rate,1500,96.59439209898966
Pro-rata with match rate,1750,96.02679078215462
Pro-rata with match rate,2000,95.45918946531955
Pro-rata with match rate,2250,94.8915881484845
Pro-rata with match rate,2500,94.32398683164945
Pro-rata with match rate,2750,93.7563855148144
Pro-rata with match rate,3000,93.18878419797933
Pro-rata with match rate,3250,92.62118288114429
Pro-rata with match rate,3500,92.05358156430923
Pro-rata with match rate,3750,91.48598024747417
Pro-rata with match rate,4000,90.91837893063912
Pro-rata with match rate,4250,90.35077761380407
Pro-rata with match rate,4500,89.78317629696902
Pro-rata with match rate,4750,89.21557498013395
Pro-rata with match rate,5000,88.64797366329891
Pro-rata with match rate,5250,88.08037234646385
Pro-rata with match rate,5500,87.51277102962881
Pro-rata with match rate,5750,86.94516971279373
Pro-rata with match rate,6000,86.37756839595868
Pro-rata with match rate,6250,85.80996707912362
Pro-rata with match rate,6500,85.24236576228856
Pro-rata with match rate,6750,84.6747644454535
Pro-rata with match rate,7000,84.10716312861845
Pro-rata with match rate,7250,83.5395618117834
Pro-rata with match rate,7500,82.97196049494835
Pro-rata with match rate,7750,82.4043591781133
Pro-rata with match rate,8000,81.83675786127824
Pro-rata with match rate,8250,81.26915654444318
Pro-rata with match rate,8500,80.70155522760814
Pro-rata with match rate,8750,80.13395391077307
Pro-rata with match rate,9000,79.56635259393802
Pro-rata with match rate,9250,78.99875127710297
Pro-rata with match rate,9500,78.43114996026792
Pro-rata with match rate,9750,77.86354864343285
Pro-rata with match rate,10000,77.2959473265978
Pro-rata with match rate,10250,76.72834600976275
Pro-rata with match rate,10500,76.16074469292768
Pro-rata with match rate,10750,75.59314337609263
Pro-rata with match rate,11000,75.02554205925757
Pro-rata with match rate,11250,74.45794074242252
Pro-rata with match rate,11500,73.89033942558747
Pro-rata with match rate,11750,73.3227381087524
Pro-rata with match rate,12000,72.75513679191737
Pro-rata with match rate,12250,72.1875354750823
Pro-rata with match rate,12500,71.61993415824725
Pro-rata with match rate,12750,71.0523328414122
Pro-rata with match rate,13000,70.48473152457714
Pro-rata with match rate,13250,69.91713020774209
Pro-rata with match rate,13500,69.34952889090702
Pro-rata with match rate,13750,68.78192757407197
Pro-rata with match rate,14000,68.2143262572369
Pro-rata with match rate,14250,67.64672494040187
Pro-rata with match rate,14500,67.0791236235668
Pro-rata with match rate,14750,66.51152230673175
Pro-rata with match rate,15000,65.9439209898967
Pro-rata with match rate,15250,65.37631967306163
Pro-rata with match rate,15500,64.80871835622659
Pro-rata with match rate,15750,64.24111703939153
Pro-rata with match rate,16000,63.67351572255649
Pro-rata with match rate,16250,63.10591440572142
Pro-rata with match rate,16500,62.53831308888637
Pro-rata with match rate,16750,61.97071177205131
Pro-rata with match rate,17000,61.40311045521626
Pro-rata with match rate,17250,60.835509138381205
Pro-rata with match rate,17500,60.26790782154614
Pro-rata with match rate,17750,59.7003065047111
Pro-rata with match rate,18000,59.132705187876034
Pro-rata with match rate,18250,58.56510387104098
Pro-rata with match rate,18500,57.99750255420592
Pro-rata with match rate,18750,57.42990123737087
Pro-rata with match rate,19000,56.86229992053582
Pro-rata with match rate,19250,56.29469860370075
Pro-rata with match rate,19500,55.72709728686571
Pro-rata with match rate,19750,55.15949597003065
Pro-rata with match rate,20000,54.591894653195595
Pro-rata with match rate,20250,54.02429333636054
Pro-rata with match rate,20500,53.456692019525484
Pro-rata with match rate,20750,52.889090702690424
Pro-rata with match rate,21000,52.32148938585537
Pro-rata with match rate,21250,51.753888069020334
Pro-rata with match rate,21500,51.18628675218526
Pro-rata with match rate,21750,50.61868543535021
Pro-rata with match rate,22000,50.051084118515156
Pro-rata with match rate,22250,49.483482801680104
Pro-rata with match rate,22500,48.91588148484505
Pro-rata with match rate,22750,48.34828016801
Pro-rata with match rate,23000,47.780678851174926
Pro-rata with match rate,23250,47.213077534339874
Pro-rata with match rate,23500,46.64547621750482
Pro-rata with match rate,23750,46.07787490066977
Pro-rata with match rate,24000,45.51027358383472
Pro-rata with match rate,24250,44.942672266999665
Pro-rata with match rate,24500,44.375070950164606
Pro-rata with match rate,24750,43.80746963332955
Pro-rata with match rate,25000,43.23986831649449
Pro-rata with match rate,25250,42.672266999659435
Pro-rata with match rate,25500,42.10466568282438
Pro-rata with match rate,25750,41.53706436598932
Pro-rata with match rate,26000,40.96946304915427
Pro-rata with match rate,26250,40.40186173231922
Pro-rata with match rate,26500,39.83426041548417
Pro-rata with match rate,26750,39.2666590986491
Pro-rata with match rate,27000,38.69905778181405
Pro-rata with match rate,27250,38.131456464978996
Pro-rata with match rate,27500,37.563855148143944
Pro-rata with match rate,27750,36.99625383130889
Pro-rata with match rate,28000,36.42865251447384
Pro-rata with match rate,28250,35.86105119763878
Pro-rata with match rate,28500,35.29344988080373
Pro-rata with match rate,28750,34.72584856396866
Pro-rata with match rate,29000,34.15824724713361
Pro-rata with match rate,29250,33.59064593029856
Pro-rata with match rate,29500,33.023044613463505
Pro-rata with match rate,29750,32.45544329662845
Pro-rata with match rate,30000,31.887841979793397
Pro-rata with match rate,30250,31.320240662958344
Pro-rata with match rate,30500,30.752639346123278
Pro-rata with match rate,30750,30.185038029288226
Pro-rata with match rate,31000,29.61743671245317
Pro-rata with match rate,31250,29.04983539561812
Pro-rata with match rate,31500,28.482234078783065
Pro-rata with match rate,31750,27.91463276194801
Pro-rata with match rate,32000,27.347031445112957
Pro-rata with match rate,32250,26.77943012827789
Pro-rata with match rate,32500,26.21182881144284
Pro-rata with match rate,32750,25.644227494607787
Pro-rata with match rate,33000,25.07662617777273
Pro-rata with match rate,33250,24.50902486093768
Pro-rata with match rate,33500,23.941423544102626
Pro-rata with match rate,33750,23.37382222726757
Pro-rata with match rate,34000,22.806220910432515
Pro-rata with match rate,34250,22.23861959359745
Pro-rata with match rate,34500,21.671018276762403
Pro-rata with match rate,34750,21.103416959927344
Pro-rata with match rate,35000,20.535815643092292
Pro-rata with match rate,35250,19.96821432625724
Pro-rata with match rate,35500,19.400613009422184
Pro-rata with match rate,35750,18.83301169258713
Pro-rata with match rate,36000,18.26541037575207
Pro-rata with match rate,36250,17.697809058917013
Pro-rata with match rate,36500,17.13020774208196
Pro-rata with match rate,36750,16.562606425246905
Pro-rata with match rate,37000,15.995005108411853
Pro-rata with match rate,37250,15.427403791576799
Pro-rata with match rate,37500,14.859802474741747
Pro-rata with match rate,37750,14.292201157906682
Pro-rata with match rate,38000,13.72459984107163
Pro-rata with match rate,38250,13.156998524236574
Pro-rata with match rate,38500,12.589397207401522
Pro-rata with match rate,38750,12.021795890566466
Pro-rata with match rate,39000,11.454194573731414
Pro-rata with match rate,39250,10.88659325689636
Pro-rata with match rate,39500,10.318991940061306
Pro-rata with match rate,39750,9.751390623226241
Pro-rata with match rate,40000,9.183789306391187
Pro-rata with match rate,40250,8.616187989556135
Pro-rata with match rate,40500,8.04858667272108
Pro-rata with match rate,40750,7.480985355886027
Pro-rata with match rate,41000,6.913384039050974
Pro-rata with match rate,41250,6.345782722215921
Pro-rata with match rate,41500,5.778181405380856
Pro-rata with match rate,41750,5.210580088545802
Pro-rata with match rate,42000,4.642978771710748
Pro-rata with match rate,42250,4.075377454875695
Pro-rata with match rate,42500,3.5077761380406414
Pro-rata with match rate,42750,2.940174821205588
Pro-rata with match rate,43000,2.3725735043705343
Pro-rata with match rate,43250,1.8049721875354698
Pro-rata with match rate,43500,1.237370870700416
Pro-rata with match rate,43750,0.6697695538653625
Pro-rata with match rate,44000,0.10216823703030897
Pro-rata with match rate,44250,0
Pro-rata with match rate,44500,0
Pro-rata with match rate,44750,0
Pro-rata with match rate,45000,0
Pro-rata with match rate,45250,0
Pro-rata with match rate,45500,0
Pro-rata with match rate,45750,0
Pro-rata with match rate,46000,0
Pro-rata with match rate,46250,0
Pro-rata with match rate,46500,0
Pro-rata with match rate,46750,0
Pro-rata with match rate,47000,0
Pro-rata with match rate,47250,0
Pro-rata with match rate,47500,0
Pro-rata with match rate,47750,0
Pro-rata with match rate,48000,0
Pro-rata with match rate,48250,0
Pro-rata with match rate,48500,0
Pro-rata with match rate,48750,0
Pro-rata with match rate,49000,0
Pro-rata with match rate,49250,0
Pro-rata with match rate,49500,0
Pro-rata with match rate,49750,0
Pro-rata with match rate,50000,0
Pro-rata with match rate,50250,0
Pro-rata with match rate,50500,0
Pro-rata with match rate,50750,0
Pro-rata with match rate,51000,0
Pro-rata with match rate,51250,0
Pro-rata with match rate,51500,0
Pro-rata with match rate,51750,0
Pro-rata with match rate,52000,0
Pro-rata with match rate,52250,0
Pro-rata with match rate,52500,0
Pro-rata with match rate,52750,0
Pro-rata with match rate,53000,0
Pro-rata with match rate,53250,0
Pro-rata with match rate,53500,0
Pro-rata with match rate,53750,0
Pro-rata with match rate,54000,0
Pro-rata with match rate,54250,0
Pro-rata with match rate,54500,0
Pro-rata with match rate,54750,0
Pro-rata with match rate,55000,0
Pro-rata with match rate,55250,0
Pro-rata with match rate,55500,0
Pro-rata with match rate,55750,0
Pro-rata with match rate,56000,0
"Flat, then taper",0,100
"Flat, then taper",250,100
"Flat, then taper",500,100
"Flat, then taper",750,100
"Flat, then taper",1000,100
"Flat, then taper",1250,100
"Flat, then taper",1500,100
"Flat, then taper",1750,100
"Flat, then taper",2000,100
"Flat, then taper",2250,100
"Flat, then taper",2500,100
"Flat, then taper",2750,100
"Flat, then taper",3000,100
"Flat, then taper",3250,100
"Flat, then taper",3500,100
"Flat, then taper",3750,100
"Flat, then taper",4000,100
"Flat, then taper",4250,100
"Flat, then taper",4500,100
"Flat, then taper",4750,100
"Flat, then taper",5000,100
"Flat, then taper",5250,100
"Flat, then taper",5500,100
"Flat, then taper",5750,100
"Flat, then taper",6000,100
"Flat, then taper",6250,100
"Flat, then taper",6500,100
"Flat, then taper",6750,100
"Flat, then taper",7000,100
"Flat, then taper",7250,100
"Flat, then taper",7500,100
"Flat, then taper",7750,100
"Flat, then taper",8000,100
"Flat, then taper",8250,100
"Flat, then taper",8500,100
"Flat, then taper",8750,100
"Flat, then taper",9000,100
"Flat, then taper",9250,100
"Flat, then taper",9500,100
"Flat, then taper",9750,100
"Flat, then taper",10000,100
"Flat, then taper",10250,100
"Flat, then taper",10500,100
"Flat, then taper",10750,100
"Flat, then taper",11000,100
"Flat, then taper",11250,100
"Flat, then taper",11500,100
"Flat, then taper",11750,100
"Flat, then taper",12000,100
"Flat, then taper",12250,100
"Flat, then taper",12500,100
"Flat, then taper",12750,100
"Flat, then taper",13000,100
"Flat, then taper",13250,100
"Flat, then taper",13500,100
"Flat, then taper",13750,100
"Flat, then taper",14000,100
"Flat, then taper",14250,100
"Flat, then taper",14500,100
"Flat, then taper",14750,100
"Flat, then taper",15000,100
"Flat, then taper",15250,100
"Flat, then taper",15500,100
"Flat, then taper",15750,100
"Flat, then taper",16000,100
"Flat, then taper",16250,100
"Flat, then taper",16500,100
"Flat, then taper",16750,100
"Flat, then taper",17000,100
"Flat, then taper",17250,100
"Flat, then taper",17500,100
"Flat, then taper",17750,100
"Flat, then taper",18000,100
"Flat, then taper",18250,100
"Flat, then taper",18500,100
"Flat, then taper",18750,100
"Flat, then taper",19000,100
"Flat, then taper",19250,100
"Flat, then taper",19500,100
"Flat, then taper",19750,100
"Flat, then taper",20000,100
"Flat, then taper",20250,100
"Flat, then taper",20500,100
"Flat, then taper",20750,100
"Flat, then taper",21000,100
"Flat, then taper",21250,100
"Flat, then taper",21500,100
"Flat, then taper",21750,100
"Flat, then taper",22000,100
"Flat, then taper",22250,100
"Flat, then taper",22500,100
"Flat, then taper",22750,100
"Flat, then taper",23000,100
"Flat, then taper",23250,100
"Flat, then taper",23500,100
"Flat, then taper",23750,100
"Flat, then taper",24000,100
"Flat, then taper",24250,100
"Flat, then taper",24500,100
"Flat, then taper",24750,100
"Flat, then taper",25000,100
"Flat, then taper",25250,100
"Flat, then taper",25500,100
"Flat, then taper",25750,100
"Flat, then taper",26000,100
"Flat, then taper",26250,100
"Flat, then taper",26500,100
"Flat, then taper",26750,100
"Flat, then taper",27000,100
"Flat, then taper",27250,100
"Flat, then taper",27500,100
"Flat, then taper",27750,100
"Flat, then taper",28000,100
"Flat, then taper",28250,100
"Flat, then taper",28500,100
"Flat, then taper",28750,100
"Flat, then taper",29000,100
"Flat, then taper",29250,100
"Flat, then taper",29500,100
"Flat, then taper",29750,100
"Flat, then taper",30000,100
"Flat, then taper",30250,100
"Flat, then taper",30500,100
"Flat, then taper",30750,100
"Flat, then taper",31000,100
"Flat, then taper",31250,100
"Flat, then taper",31500,100
"Flat, then taper",31750,100
"Flat, then taper",32000,100
"Flat, then taper",32250,100
"Flat, then taper",32500,100
"Flat, then taper",32750,100
"Flat, then taper",33000,100
"Flat, then taper",33250,98.03609944375071
"Flat, then taper",33500,95.76569417641049
"Flat, then taper",33750,93.49528890907027
"Flat, then taper",34000,91.22488364173005
"Flat, then taper",34250,88.95447837438982
"Flat, then taper",34500,86.68407310704961
"Flat, then taper",34750,84.41366783970939
"Flat, then taper",35000,82.14326257236917
"Flat, then taper",35250,79.87285730502894
"Flat, then taper",35500,77.60245203768872
"Flat, then taper",35750,75.33204677034851
"Flat, then taper",36000,73.06164150300829
"Flat, then taper",36250,70.79123623566807
"Flat, then taper",36500,68.52083096832784
"Flat, then taper",36750,66.25042570098762
"Flat, then taper",37000,63.980020433647404
"Flat, then taper",37250,61.70961516630719
"Flat, then taper",37500,59.439209898966965
"Flat, then taper",37750,57.16880463162675
"Flat, then taper",38000,54.898399364286526
"Flat, then taper",38250,52.6279940969463
"Flat, then taper",38500,50.35758882960609
"Flat, then taper",38750,48.087183562265864
"Flat, then taper",39000,45.81677829492565
"Flat, then taper",39250,43.546373027585425
"Flat, then taper",39500,41.2759677602452
"Flat, then taper",39750,39.005562492904986
"Flat, then taper",40000,36.73515722556476
"Flat, then taper",40250,34.46475195822455
"Flat, then taper",40500,32.19434669088432
"Flat, then taper",40750,29.923941423544104
"Flat, then taper",41000,27.65353615620388
"Flat, then taper",41250,25.38313088886366
"Flat, then taper",41500,23.112725621523442
"Flat, then taper",41750,20.842320354183222
"Flat, then taper",42000,18.571915086843003
"Flat, then taper",42250,16.30150981950278
"Flat, then taper",42500,14.03110455216256
"Flat, then taper",42750,11.76069928482234
"Flat, then taper",43000,9.490294017482121
"Flat, then taper",43250,7.219888750141901
"Flat, then taper",43500,4.94948348280168
"Flat, then taper",43750,2.67907821546146
"Flat, then taper",44000,0.40867294812123967
"Flat, then taper",44250,0
"Flat, then taper",44500,0
"Flat, then taper",44750,0
"Flat, then taper",45000,0
"Flat, then taper",45250,0
"Flat, then taper",45500,0
"Flat, then taper",45750,0
"Flat, then taper",46000,0
"Flat, then taper",46250,0
"Flat, then taper",46500,0
"Flat, then taper",46750,0
"Flat, then taper",47000,0
"Flat, then taper",47250,0
"Flat, then taper",47500,0
"Flat, then taper",47750,0
"Flat, then taper",48000,0
"Flat, then taper",48250,0
"Flat, then taper",48500,0
"Flat, then taper",48750,0
"Flat, then taper",49000,0
"Flat, then taper",49250,0
"Flat, then taper",49500,0
"Flat, then taper",49750,0
"Flat, then taper",50000,0
"Flat, then taper",50250,0
"Flat, then taper",50500,0
"Flat, then taper",50750,0
"Flat, then taper",51000,0
"Flat, then taper",51250,0
"Flat, then taper",51500,0
"Flat, then taper",51750,0
"Flat, then taper",52000,0
"Flat, then taper",52250,0
"Flat, then taper",52500,0
"Flat, then taper",52750,0
"Flat, then taper",53000,0
"Flat, then taper",53250,0
"Flat, then taper",53500,0
"Flat, then taper",53750,0
"Flat, then taper",54000,0
"Flat, then taper",54250,0
"Flat, then taper",54500,0
"Flat, then taper",54750,0
"Flat, then taper",55000,0
"Flat, then taper",55250,0
"Flat, then taper",55500,0
"Flat, then taper",55750,0
"Flat, then taper",56000,0
Extended taper,0,100
Extended taper,250,100
Extended taper,500,100
Extended taper,750,100
Extended taper,1000,100
Extended taper,1250,100
Extended taper,1500,100
Extended taper,1750,100
Extended taper,2000,100
Extended taper,2250,100
Extended taper,2500,100
Extended taper,2750,100
Extended taper,3000,100
Extended taper,3250,100
Extended taper,3500,100
Extended taper,3750,100
Extended taper,4000,100
Extended taper,4250,100
Extended taper,4500,100
Extended taper,4750,100
Extended taper,5000,100
Extended taper,5250,100
Extended taper,5500,100
Extended taper,5750,100
Extended taper,6000,100
Extended taper,6250,100
Extended taper,6500,100
Extended taper,6750,100
Extended taper,7000,100
Extended taper,7250,100
Extended taper,7500,100
Extended taper,7750,100
Extended taper,8000,100
Extended taper,8250,100
Extended taper,8500,100
Extended taper,8750,100
Extended taper,9000,100
Extended taper,9250,100
Extended taper,9500,100
Extended taper,9750,100
Extended taper,10000,100
Extended taper,10250,100
Extended taper,10500,100
Extended taper,10750,100
Extended taper,11000,100
Extended taper,11250,100
Extended taper,11500,100
Extended taper,11750,100
Extended taper,12000,100
Extended taper,12250,100
Extended taper,12500,100
Extended taper,12750,100
Extended taper,13000,100
Extended taper,13250,100
Extended taper,13500,100
Extended taper,13750,100
Extended taper,14000,100
Extended taper,14250,100
Extended taper,14500,100
Extended taper,14750,100
Extended taper,15000,100
Extended taper,15250,100
Extended taper,15500,100
Extended taper,15750,100
Extended taper,16000,100
Extended taper,16250,100
Extended taper,16500,100
Extended taper,16750,100
Extended taper,17000,100
Extended taper,17250,100
Extended taper,17500,100
Extended taper,17750,100
Extended taper,18000,100
Extended taper,18250,100
Extended taper,18500,100
Extended taper,18750,100
Extended taper,19000,100
Extended taper,19250,100
Extended taper,19500,100
Extended taper,19750,100
Extended taper,20000,100
Extended taper,20250,100
Extended taper,20500,100
Extended taper,20750,100
Extended taper,21000,100
Extended taper,21250,100
Extended taper,21500,100
Extended taper,21750,100
Extended taper,22000,100
Extended taper,22250,100
Extended taper,22500,100
Extended taper,22750,100
Extended taper,23000,100
Extended taper,23250,100
Extended taper,23500,100
Extended taper,23750,100
Extended taper,24000,100
Extended taper,24250,100
Extended taper,24500,100
Extended taper,24750,100
Extended taper,25000,100
Extended taper,25250,100
Extended taper,25500,100
Extended taper,25750,100
Extended taper,26000,100
Extended taper,26250,100
Extended taper,26500,100
Extended taper,26750,100
Extended taper,27000,100
Extended taper,27250,100
Extended taper,27500,100
Extended taper,27750,100
Extended taper,28000,100
Extended taper,28250,100
Extended taper,28500,100
Extended taper,28750,100
Extended taper,29000,100
Extended taper,29250,100
Extended taper,29500,100
Extended taper,29750,100
Extended taper,30000,100
Extended taper,30250,100
Extended taper,30500,100
Extended taper,30750,100
Extended taper,31000,100
Extended taper,31250,100
Extended taper,31500,100
Extended taper,31750,100
Extended taper,32000,100
Extended taper,32250,100
Extended taper,32500,100
Extended taper,32750,100
Extended taper,33000,100
Extended taper,33250,100
Extended taper,33500,100
Extended taper,33750,100
Extended taper,34000,100
Extended taper,34250,100
Extended taper,34500,100
Extended taper,34750,100
Extended taper,35000,100
Extended taper,35250,100
Extended taper,35500,100
Extended taper,35750,100
Extended taper,36000,100
Extended taper,36250,100
Extended taper,36500,100
Extended taper,36750,100
Extended taper,37000,100
Extended taper,37250,100
Extended taper,37500,100
Extended taper,37750,100
Extended taper,38000,100
Extended taper,38250,100
Extended taper,38500,100
Extended taper,38750,100
Extended taper,39000,100
Extended taper,39250,100
Extended taper,39500,100
Extended taper,39750,100
Extended taper,40000,100
Extended taper,40250,100
Extended taper,40500,100
Extended taper,40750,100
Extended taper,41000,100
Extended taper,41250,100
Extended taper,41500,100
Extended taper,41750,100
Extended taper,42000,100
Extended taper,42250,100
Extended taper,42500,100
Extended taper,42750,100
Extended taper,43000,100
Extended taper,43250,100
Extended taper,43500,100
Extended taper,43750,100
Extended taper,44000,100
Extended taper,44250,98.13826768078101
Extended taper,44500,95.8678624134408
Extended taper,44750,93.59745714610058
Extended taper,45000,91.32705187876036
Extended taper,45250,89.05664661142013
Extended taper,45500,86.78624134407991
Extended taper,45750,84.5158360767397
Extended taper,46000,82.24543080939948
Extended taper,46250,79.97502554205926
Extended taper,46500,77.70462027471903
Extended taper,46750,75.43421500737881
Extended taper,47000,73.1638097400386
Extended taper,47250,70.89340447269838
Extended taper,47500,68.62299920535816
Extended taper,47750,66.35259393801793
Extended taper,48000,64.08218867067771
Extended taper,48250,61.81178340333749
Extended taper,48500,59.54137813599728
Extended taper,48750,57.270972868657054
Extended taper,49000,55.00056760131684
Extended taper,49250,52.730162333976615
Extended taper,49500,50.45975706663639
Extended taper,49750,48.189351799296176
Extended taper,50000,45.91894653195595
Extended taper,50250,43.64854126461574
Extended taper,50500,41.378135997275514
Extended taper,50750,39.10773072993529
Extended taper,51000,36.837325462595075
Extended taper,51250,34.56692019525485
Extended taper,51500,32.296514927914636
Extended taper,51750,30.026109660574413
Extended taper,52000,27.755704393234193
Extended taper,52250,25.485299125893974
Extended taper,52500,23.21489385855375
Extended taper,52750,20.94448859121353
Extended taper,53000,18.67408332387331
Extended taper,53250,16.403678056533092
Extended taper,53500,14.133272789192871
Extended taper,53750,11.862867521852651
Extended taper,54000,9.59246225451243
Extended taper,54250,7.3220569871722105
Extended taper,54500,5.05165171983199
Extended taper,54750,2.7812464524917697
Extended taper,55000,0.5108411851515495
Extended taper,55250,0
Extended taper,55500,0
Extended taper,55750,0
Extended taper,56000,0
