filing_group_chr,magi_num,earnings_num,match_rate_pp_num,required_contribution_num,default_contribution_num,required_share_num,match_at_default_num,cap_binds_at_default_flag
single_mfs,1000,1000,195.45918946531955,511.6157509582995,30,0.5116157509582995,58.637756839595866,FALSE
single_mfs,1100,1100,195.00510841185152,512.8070788217487,33,0.466188253474317,64.35168577591101,FALSE
single_mfs,1200,1200,194.55102735838346,514.0039677908741,36,0.4283366398257284,70.03836984901804,FALSE
single_mfs,1300,1300,194.09694630491543,515.2064568955433,39,0.3963126591504179,75.69780905891702,FALSE
single_mfs,1400,1400,193.64286525144738,516.4145855317154,42,0.3688675610940824,81.3300034056079,FALSE
single_mfs,1500,1500,193.18878419797934,517.6283934657422,45,0.3450855956438281,86.9349528890907,FALSE
single_mfs,1600,1600,192.7347031445113,518.8479208387325,48,0.3242799505242078,92.51265750936543,FALSE
single_mfs,1700,1700,192.28062209104326,520.0732081709765,51,0.3059254165711626,98.06311726643206,FALSE
single_mfs,1800,1800,191.82654103757523,521.3042963664338,54,0.28961349798135216,103.58633216029061,FALSE
single_mfs,1900,1900,191.37245998410717,522.5412267172856,57,0.27502169827225553,109.08230219094109,FALSE
single_mfs,2000,2000,190.9183789306391,523.7840409085504,60,0.26189202045427523,114.55102735838346,FALSE
single_mfs,2100,2100,190.46429787717108,525.032781022768,63,0.2500156100108419,119.99250766261778,FALSE
single_mfs,2200,2200,190.01021682370302,526.2874895447485,66,0.23922158615670386,125.406743103644,FALSE
single_mfs,2300,2300,189.556135770235,527.5482093663912,69,0.22936878668103966,130.79373368146213,FALSE
single_mfs,2400,2400,189.10205471676696,528.8149837915715,72,0.22033957657982148,136.1534793960722,FALSE
single_mfs,2500,2500,188.6479736632989,530.0878565411,75,0.21203514261644,141.48598024747417,FALSE
single_mfs,2600,2600,188.19389260983087,531.3668717577513,78,0.20437187375298124,146.79123623566807,FALSE
single_mfs,2700,2700,187.7398115563628,532.6520740113677,81,0.1972785459301362,152.0692473606539,FALSE
single_mfs,2800,2800,187.28573050289475,533.9435083040369,84,0.19069411010858459,157.3200136224316,FALSE
single_mfs,2900,2900,186.83164944942672,535.2412200753433,87,0.18456593795701495,162.54353502100125,FALSE
single_mfs,3000,3000,186.37756839595866,536.5452552076989,90,0.1788484184025663,167.7398115563628,FALSE
single_mfs,3100,3100,185.92348734249066,537.8556600317498,93,0.1735018258166935,172.90884322851633,FALSE
single_mfs,3200,3200,185.4694062890226,539.1724813318643,96,0.1684914004162076,178.0506300374617,FALSE
single_mfs,3300,3300,185.01532523555454,540.4957663516996,99,0.16378659586415137,183.165171983199,FALSE
single_mfs,3400,3400,184.5612441820865,541.8255627998524,102,0.1593604596470154,188.25246906572823,FALSE
single_mfs,3500,3500,184.10716312861845,543.1619188555926,105,0.15518911967302645,193.31252128504937,FALSE
single_mfs,3600,3600,183.65308207515042,544.5048831746816,108,0.15125135643741155,198.34532864116247,FALSE
single_mfs,3700,3700,183.19900102168236,545.8545048952783,111,0.14752824456629143,203.3508911340674,FALSE
single_mfs,3800,3800,182.74491996821433,547.2108336439309,114,0.14400285095892917,208.32920876376434,FALSE
single_mfs,3900,3900,182.2908389147463,548.5739195416614,117,0.14065997936965677,213.28028153025318,FALSE
single_mfs,4000,4000,181.83675786127824,549.9438132101386,120,0.13748595330253466,218.2041094335339,FALSE
single_mfs,4100,4100,181.38267680781018,551.3205657779447,123,0.1344684306775475,223.10069247360653,FALSE
single_mfs,4200,4200,180.92859575434215,552.7042288869369,126,0.13159624497308023,227.9700306504711,FALSE
single_mfs,4300,4300,180.4745147008741,554.0948546987042,129,0.12885926853458238,232.81212396412758,FALSE
single_mfs,4400,4400,180.02043364740607,555.4924959011224,132,0.12624829452298236,237.62697241457602,FALSE
single_mfs,4500,4500,179.56635259393803,556.8972057150082,135,0.12375493460333516,242.41457600181633,FALSE
single_mfs,4600,4600,179.11227154046998,558.3090379008746,138,0.121371529978451,247.17493472584857,FALSE
single_mfs,4700,4700,178.65819048700195,559.7280467657897,141,0.11909107377995526,251.90804858667275,FALSE
single_mfs,4800,4800,178.2041094335339,561.1542871703401,144,0.11690714316048753,256.6139175842888,FALSE
single_mfs,4900,4900,177.75002838006583,562.5878145357007,147,0.1148138397011634,261.2925417186968,FALSE
single_mfs,5000,5000,177.2959473265978,564.0286848508132,150,0.11280573697016263,265.9439209898967,FALSE
single_mfs,5100,5100,176.84186627312974,565.4769546796765,153,0.11087783425091696,270.5680553978885,FALSE
single_mfs,5200,5200,176.3877852196617,566.9326811687475,156,0.10902551560937453,275.16494494267226,FALSE
single_mfs,5300,5300,175.93370416619368,568.3959220544587,159,0.10724451359518088,279.7345896242479,FALSE
single_mfs,5400,5400,175.47962311272562,569.8667356708501,162,0.10553087697608335,284.2769894426155,FALSE
single_mfs,5500,5500,175.0255420592576,571.3451809573226,165,0.10388094199224046,288.792144397775,FALSE
single_mfs,5600,5600,174.57146100578953,572.8313174665107,168,0.10229130669044834,293.2800544897264,FALSE
single_mfs,5700,5700,174.11737995232147,574.3252053722781,171,0.1007588079600488,297.7407197184697,FALSE
single_mfs,5800,5800,173.66329889885344,575.8269054778402,174,0.09928050094445522,302.174140084005,FALSE
single_mfs,5900,5900,173.2092178453854,577.3364792240136,177,0.09785364054644298,306.5803155863322,FALSE
single_mfs,6000,6000,172.75513679191735,578.853988697595,180,0.0964756647829325,310.95924622545124,FALSE
single_mfs,6100,6100,172.30105573844932,580.3794966398735,183,0.09514417977702845,315.31093200136223,FALSE
single_mfs,6200,6200,171.84697468498126,581.9130664552781,186,0.09385694620246421,319.63537291406516,FALSE
single_mfs,6300,6300,171.39289363151323,583.4547622201616,189,0.09261186701907327,323.93256896356,FALSE
single_mfs,6400,6400,170.93881257804517,585.0046486917254,192,0.09140697635808209,328.20252014984675,FALSE
single_mfs,6500,6500,170.48473152457711,586.5627913170863,195,0.0902404294333979,332.44522647292536,FALSE
single_mfs,6600,6600,170.0306504711091,588.129256242489,198,0.08911049337007408,336.660687932796,FALSE
single_mfs,6700,6700,169.57656941764105,589.704110322667,201,0.08801553885412941,340.84890452945854,FALSE
single_mfs,6800,6800,169.122488364173,591.2874211303531,204,0.08695403251916957,345.0098762629129,FALSE
single_mfs,6900,6900,168.66840731070496,592.8792569659443,207,0.08592452999506438,349.1436031331593,FALSE
single_mfs,7000,7000,168.2143262572369,594.4796868673235,210,0.08492566955247478,353.25008514019754,FALSE
single_mfs,7100,7100,167.76024520376887,596.0887806198403,213,0.08395616628448456,357.3293222840277,FALSE
single_mfs,7200,7200,167.30616415030082,597.7066087664541,216,0.08301480677311862,361.38131456464976,FALSE
single_mfs,7300,7300,166.85208309683279,599.3332426180432,219,0.0821004441942525,365.4060619820638,FALSE
single_mfs,7400,7400,166.39800204336476,600.9687542638832,222,0.08121199381944368,369.40356453626976,FALSE
single_mfs,7500,7500,165.9439209898967,602.6132165822958,225,0.08034842887763943,373.37382222726757,FALSE
single_mfs,7600,7600,165.48983993642864,604.266703251475,228,0.07950877674361513,377.31683505505725,FALSE
single_mfs,7700,7700,165.0357588829606,605.9292887604897,231,0.07869211542344022,381.232603019639,FALSE
single_mfs,7800,7800,164.58167782949255,607.6010484204718,234,0.0778975703103169,385.1211261210126,FALSE
single_mfs,7900,7900,164.12759677602452,609.2820583759857,237,0.07712431118683363,388.9824043591781,FALSE
single_mfs,8000,8000,163.6735157225565,610.9723956165903,240,0.07637154945207379,392.81643773413555,FALSE
single_mfs,8100,8100,163.21943466908843,612.6721379885937,243,0.07563853555414737,396.6232262458849,FALSE
single_mfs,8200,8200,162.7653536156204,614.3813642070023,246,0.07492455661061004,400.40276989442617,FALSE
single_mfs,8300,8300,162.31127256215234,616.1001538676738,249,0.07422893420092457,404.1550686797593,FALSE
single_mfs,8400,8400,161.8571915086843,617.8285874596717,252,0.07355102231662758,407.88012260188447,FALSE
single_mfs,8500,8500,161.40311045521628,619.5667463778309,255,0.0728902054562154,411.5779316608015,FALSE
single_mfs,8600,8600,160.9490294017482,621.314712935534,258,0.07224589685296906,415.2484958565104,FALSE
single_mfs,8700,8700,160.49494834828016,623.0725703777056,261,0.07161753682502363,418.8918151890112,FALSE
single_mfs,8800,8800,160.04086729481213,624.8404028940275,264,0.07100459123795767,422.507889658304,FALSE
single_mfs,8900,8900,159.58678624134407,626.6182956323802,267,0.07040655007105395,426.0967192643887,FALSE
single_mfs,9000,9000,159.13270518787604,628.4063347125125,270,0.06982292607916805,429.6583040072653,FALSE
single_mfs,9100,9100,158.67862413440798,630.2046072399485,273,0.06925325354285149,433.1926438869338,FALSE
single_mfs,9200,9200,158.22454308093995,632.013201320132,276,0.06869708710001435,436.6997389033943,FALSE
single_mfs,9300,9300,157.7704620274719,633.8322060728162,279,0.06815400065299099,440.1795890566466,FALSE
single_mfs,9400,9400,157.31638097400386,635.6617116467022,282,0.06762358634539385,443.6321943466909,FALSE
single_mfs,9500,9500,156.86229992053583,637.501809234332,285,0.06710545360361389,447.05755477352716,FALSE
single_mfs,9600,9600,156.40821886706777,639.3525910872405,288,0.06659922823825422,450.4556703371552,FALSE
single_mfs,9700,9700,155.95413781359971,641.2141505313729,291,0.06610455160117246,453.8265410375752,FALSE
single_mfs,9800,9800,155.50005676013168,643.0865819827712,294,0.06562107979416033,457.1701668747871,FALSE
single_mfs,9900,9900,155.04597570666365,644.9699809635378,297,0.06514848292560987,460.486547848791,FALSE
single_mfs,10000,10000,154.5918946531956,646.864444118079,300,0.06468644441180789,463.77568395958684,FALSE
single_mfs,10100,10100,154.13781359972756,648.7700692296362,303,0.06423466031976596,467.0375752071745,FALSE
single_mfs,10200,10200,153.6837325462595,650.6869552371104,306,0.06379283874873631,470.2722215915541,FALSE
single_mfs,10300,10300,153.22965149279148,652.6152022521854,309,0.063360699247785,473.4796231127257,FALSE
single_mfs,10400,10400,152.77557043932342,654.5549115767574,312,0.0629379722669959,476.65977977068906,FALSE
single_mfs,10500,10500,152.32148938585536,656.5061857206738,315,0.06252439864006416,479.8126915654444,FALSE
single_mfs,10600,10600,151.86740833238736,658.4691284197935,318,0.06211972909620693,482.93835849699184,FALSE
single_mfs,10700,10700,151.41332727891927,660.443844654371,321,0.061723723799473926,486.03678056533084,FALSE
single_mfs,10800,10800,150.95924622545124,662.4304406677695,324,0.061336151913682364,489.10795777046206,FALSE
single_mfs,10900,10900,150.5051651719832,664.4290239855181,327,0.06095679119133194,492.15189011238505,FALSE
single_mfs,11000,11000,150.05108411851515,666.4397034347103,330,0.060585427584973664,495.1685775911,FALSE
single_mfs,11100,11100,149.59700306504712,668.4625891637577,333,0.06022185487961781,498.1580202066069,FALSE
single_mfs,11200,11200,149.14292201157906,670.4977926625057,336,0.059865874344866586,501.12021795890564,FALSE
single_mfs,11300,11300,148.68884095811103,672.5454267827149,339,0.059517294405549995,504.0551708479964,FALSE
single_mfs,11400,11400,148.23475990464297,674.6056057589218,342,0.05917593032972998,506.96287887387894,FALSE
single_mfs,11500,11500,147.78067885117494,676.678445229682,345,0.058841603933015824,509.84334203655357,FALSE
single_mfs,11600,11600,147.32659779770688,678.764062259208,348,0.05851414329820759,512.69656033602,FALSE
single_mfs,11700,11700,146.87251674423885,680.8625753594064,351,0.05819338250935097,515.5225337722784,FALSE
single_mfs,11800,11800,146.4184356907708,682.9741045123275,354,0.05787916139934979,518.3212623453286,FALSE
single_mfs,11900,11900,145.96435463730276,685.0987711930317,357,0.057571325310338796,521.0927460551708,FALSE
single_mfs,12000,12000,145.51027358383473,687.2366983928849,360,0.05726972486607374,523.8369849018051,FALSE
single_mfs,12100,12100,145.05619253036664,689.3880106432933,363,0.05697421575564408,526.5539788852309,FALSE
single_mfs,12200,12200,144.60211147689864,691.5528340398806,366,0.05668465852785907,529.243728005449,FALSE
single_mfs,12300,12300,144.14803042343058,693.7312962671286,369,0.056400918395701514,531.9062322624588,FALSE
single_mfs,12400,12400,143.69394936996252,695.9235266234793,372,0.05612286505028059,534.5414916562605,FALSE
single_mfs,12500,12500,143.2398683164945,698.1296560469171,375,0.05585037248375337,537.1495061868543,FALSE
single_mfs,12600,12600,142.78578726302644,700.3498171410399,378,0.05558331882071745,539.73027585424,FALSE
single_mfs,12700,12700,142.3317062095584,702.584144201627,381,0.05532158615760843,542.2838006584175,FALSE
single_mfs,12800,12800,141.87762515609035,704.8327732437191,384,0.05506506040966555,544.810080599387,FALSE
single_mfs,12900,12900,141.42354410262232,707.0958420292181,387,0.05481363116505567,547.3091156771484,FALSE
single_mfs,13000,13000,140.96946304915429,709.3734900950234,390,0.05456719154577103,549.78090589170165,FALSE
single_mfs,13100,13100,140.51538199568623,711.6658587817095,393,0.05432563807493966,552.2254512430469,FALSE
single_mfs,13200,13200,140.06130094221817,713.9730912627656,396,0.054088870550209514,554.6427517311839,FALSE
single_mfs,13300,13300,139.60721988875014,716.2953325744024,399,0.0538567919228874,557.032807356113,FALSE
single_mfs,13400,13400,139.1531388352821,718.6327296459455,402,0.053629308182533246,559.395618117834,FALSE
single_mfs,13500,13500,138.69905778181405,720.9854313308234,405,0.05340632824672766,561.7311840163469,FALSE
single_mfs,13600,13600,138.24497672834602,723.3535884381672,408,0.05318776385574759,564.0395050516518,FALSE
single_mfs,13700,13700,137.79089567487796,725.7373537650354,411,0.0529735294719004,566.3205812237485,FALSE
single_mfs,13800,13800,137.33681462140993,728.1368821292775,414,0.05276354218328098,568.5744125326371,FALSE
single_mfs,13900,13900,136.88273356794187,730.552330403052,417,0.05255772161173036,570.8009989783176,FALSE
single_mfs,14000,14000,136.4286525144738,732.983857547013,420,0.05235598982478665,573.0003405607899,FALSE
single_mfs,14100,14100,135.9745714610058,735.4316246451828,423,0.0521582712514314,575.1724372800545,FALSE
single_mfs,14200,14200,135.52049040753772,737.8957949405261,426,0.0519644926014455,577.3172891361107,FALSE
single_mfs,14300,14300,135.06640935406972,740.3765338712387,429,0.05177458278819851,579.4348961289592,FALSE
single_mfs,14400,14400,134.61232830060166,742.8740091077754,432,0.05158847285470662,581.5252582585991,FALSE
single_mfs,14500,14500,134.1582472471336,745.3883905906245,435,0.051406095902801686,583.5883755250312,FALSE
single_mfs,14600,14600,133.70416619366557,747.9198505688572,438,0.05122738702526419,585.6242479282552,FALSE
single_mfs,14700,14700,133.2500851401975,750.4685636394616,441,0.051052283240779706,587.6328754682711,FALSE
single_mfs,14800,14800,132.79600408672948,753.034706787485,444,0.050880723431586825,589.6142581450789,FALSE
single_mfs,14900,14900,132.34192303326142,755.618459427003,447,0.05071264828369148,591.5683959586786,FALSE
single_mfs,15000,15000,131.8878419797934,758.2200034429334,450,0.05054800022952889,593.4952889090703,FALSE
single_mfs,15100,15100,131.43376092632536,760.839523233719,453,0.05038672339296152,595.3949369962539,FALSE
single_mfs,15200,15200,130.9796798728573,763.4772057548969,456,0.05022876353650638,597.2673402202292,FALSE
single_mfs,15300,15300,130.52559881938927,766.1332405635762,459,0.05007406801069126,599.1124985809968,FALSE
single_mfs,15400,15400,130.07151776592121,768.8078198638507,462,0.04992258570544485,600.930412078556,FALSE
single_mfs,15500,15500,129.61743671245318,771.5011385531616,465,0.04977426700342978,602.7210807129073,FALSE
single_mfs,15600,15600,129.16335565898513,774.2133942696431,468,0.049629063735233535,604.4845044840504,FALSE
single_mfs,15700,15700,128.7092746055171,776.9447874404657,471,0.04948692913633539,606.2206833919855,FALSE
single_mfs,15800,15800,128.25519355204904,779.6955213312091,474,0.04934781780577273,607.9296174367124,FALSE
single_mfs,15900,15900,127.80111249858099,782.4658020962871,477,0.04921168566643315,609.6113066182313,FALSE
single_mfs,16000,16000,127.34703144511298,785.255838830451,480,0.04907848992690319,611.2657509365422,FALSE
single_mfs,16100,16100,126.8929503916449,788.0658436213993,483,0.04894818904480741,612.8929503916448,FALSE
single_mfs,16200,16200,126.43886933817687,790.8960316035194,486,0.04882074269157527,614.4929049835396,FALSE
single_mfs,16300,16300,125.9847882847088,793.7466210127952,489,0.04869611171857639,616.0656147122261,FALSE
single_mfs,16400,16400,125.53070723124078,796.617833242901,492,0.048574258124567136,617.6110795777047,FALSE
single_mfs,16500,16500,125.07662617777274,799.5098929025231,495,0.04845514502439534,619.129299579975,FALSE
single_mfs,16600,16600,124.62254512430468,802.4230278739298,498,0.04833873661891143,620.6202747190373,FALSE
single_mfs,16700,16700,124.16846407083666,805.3574693728285,501,0.04822499816603763,622.0840049948916,FALSE
single_mfs,16800,16800,123.71438301736859,808.3134520095431,504,0.048113895952948994,623.5204904075376,FALSE
single_mfs,16900,16900,123.26030196390056,811.291213851538,507,0.04800539726932178,624.9297309569758,FALSE
single_mfs,17000,17000,122.80622091043251,814.2909964873359,510,0.047899470381607995,626.3117266432058,FALSE
single_mfs,17100,17100,122.35213985696447,817.3130450918537,513,0.04779608450829554,627.6664774662278,FALSE
single_mfs,17200,17200,121.89805880349643,820.3576084932017,516,0.047695209796116377,628.9939834260415,FALSE
single_mfs,17300,17300,121.44397775002838,823.4249392409796,519,0.04759681729716645,630.2942445226473,FALSE
single_mfs,17400,17400,120.98989669656035,826.5152936761117,522,0.04750087894690297,631.567260756045,FALSE
single_mfs,17500,17500,120.53581564309228,829.6289320022604,525,0.04740736754298631,632.8130321262345,FALSE
single_mfs,17600,17600,120.08173458962426,832.766118358858,528,0.04731625672493511,634.031558633216,FALSE
single_mfs,17700,17700,119.6276535361562,835.9271208958056,531,0.04722752095456529,635.2228402769895,FALSE
single_mfs,17800,17800,119.17357248268816,839.1122118498762,534,0.04714113549718406,636.3868770575548,FALSE
single_mfs,17900,17900,118.71949142922011,842.3216676228725,537,0.04705707640351243,637.523668974912,FALSE
single_mfs,18000,18000,118.26541037575207,845.5557688615858,540,0.04697532049231032,638.6332160290611,FALSE
single_mfs,18100,18100,117.81132932228404,848.8148005396029,543,0.046895845333679714,639.7155182200023,FALSE
single_mfs,18200,18200,117.35724826881597,852.0990520410138,546,0.046818629233022734,640.7705755477352,FALSE
single_mfs,18300,18300,116.90316721534795,855.4088172460671,549,0.04674365121563208,641.7983880122603,FALSE
single_mfs,18400,18400,116.4490861618799,858.744394618834,552,0.04667089101189315,642.798955613577,FALSE
single_mfs,18500,18500,115.99500510841185,862.106087296927,555,0.046600329043077135,643.7722783516858,FALSE
single_mfs,18600,18600,115.5409240549438,865.4942031833366,558,0.04653194640770627,644.7183562265865,FALSE
single_mfs,18700,18700,115.08684300147576,868.9090550404419,561,0.04646572486847283,645.637189238279,FALSE
single_mfs,18800,18800,114.63276194800773,872.3509605862546,564,0.046401646839694395,646.5287773867636,FALSE
single_mfs,18900,18900,114.17868089453967,875.8202425929609,567,0.04633969537528893,647.3931206720399,FALSE
single_mfs,19000,19000,113.72459984107164,879.3172289878219,570,0.04627985415725378,648.2302190941083,FALSE
single_mfs,19100,19100,113.27051878760359,882.8422529565042,573,0.04622210748463373,649.0400726529685,FALSE
single_mfs,19200,19200,112.81643773413555,886.3956530489032,576,0.04616644026296371,649.8226813486208,FALSE
single_mfs,19300,19300,112.3623566806675,889.9777732875328,579,0.046112837994172685,650.5780451810648,FALSE
single_mfs,19400,19400,111.90827562719944,893.5889632785555,582,0.046061286766935855,651.3061641503008,FALSE
single_mfs,19500,19500,111.45419457373143,897.2295783255245,585,0.04601177324746279,652.0070382563289,FALSE
single_mfs,19600,19600,111.00011352026335,900.8999795459196,588,0.04596428467071018,652.6806674991485,FALSE
single_mfs,19700,19700,110.54603246679532,904.6005339905524,591,0.04591880883200774,653.3270518787604,FALSE
single_mfs,19800,19800,110.09195141332728,908.3316147659311,594,0.04587533407908743,653.9461913951641,FALSE
single_mfs,19900,19900,109.63787035985924,912.0936011596604,597,0.04583384930450555,654.5380860483597,FALSE
single_mfs,20000,20000,109.18378930639119,915.8868787689748,600,0.045794343938448744,655.1027358383471,FALSE
single_mfs,20100,20100,108.72970825292315,919.7118396324912,603,0.04575680794191499,655.6401407651265,FALSE
single_mfs,20200,20200,108.27562719945512,923.5688823652756,606,0.04572123180026117,656.150300828698,FALSE
single_mfs,20300,20300,107.82154614598704,927.4584122973258,609,0.045687606517109645,656.6332160290611,FALSE
single_mfs,20400,20400,107.36746509251903,931.3808416155634,612,0.04565592360860605,657.0888863662165,FALSE
single_mfs,20500,20500,106.91338403905097,935.3365895094499,615,0.04562617509802195,657.5173118401635,FALSE
single_mfs,20600,20600,106.45930298558292,939.3260823203242,618,0.04559835351069535,657.9184924509025,FALSE
single_mfs,20700,20700,106.00522193211488,943.3497536945813,621,0.04557245186930344,658.2924281984334,FALSE
single_mfs,20800,20800,105.55114087864683,947.4080447408045,624,0.045548463689461756,658.6391190827562,FALSE
single_mfs,20900,20900,105.0970598251788,951.5014041909699,627,0.04552638297564449,658.9585651038711,FALSE
single_mfs,21000,21000,104.64297877171074,955.6302885658496,630,0.04550620421742141,659.2507662617777,FALSE
single_mfs,21100,21100,104.18889771824271,959.7951623447374,633,0.04548792238600651,659.5157225564764,FALSE
single_mfs,21200,21200,103.73481666477467,963.9964981396366,636,0.04547153293111494,659.7534339879669,FALSE
single_mfs,21300,21300,103.28073561130662,968.2347768740383,639,0.045457031778123866,659.9639005562493,FALSE
single_mfs,21400,21400,102.82665455783857,972.5104879664385,642,0.04544441532553451,660.1471222613236,FALSE
single_mfs,21500,21500,102.37257350437052,976.8241295187404,645,0.04543368044273211,660.3030991031899,FALSE
single_mfs,21600,21600,101.9184924509025,981.1762085096902,648,0.04542482446804121,660.4318310818481,FALSE
single_mfs,21700,21700,101.46441139743443,985.567240993511,651,0.04541784520707424,660.5333181972982,FALSE
single_mfs,21800,21800,101.0103303439664,989.9977523038884,654,0.04541274093137103,660.6075604495403,FALSE
single_mfs,21900,21900,100.55624929049836,994.4682772634906,657,0.045409510377328335,660.6545578385742,FALSE
single_mfs,22000,22000,100.10216823703031,998.9793603991835,660,0.04540815274541743,660.6743103644001,FALSE
single_mfs,22100,22100,99.64808718356227,1003.5315561631351,663,0.04540866769968937,660.6668180270178,FALSE
single_mfs,22200,22200,99.19400613009421,1008.125429159991,666,0.04541105536756716,660.6320808264275,FALSE
single_mfs,22300,22300,98.73992507662616,1012.7615543803174,669,0.04541531633992455,660.5700987626291,FALSE
single_mfs,22400,22400,98.28584402315815,1017.4405174405173,672,0.04542145167145167,660.4808718356228,FALSE
single_mfs,22500,22500,97.83176296969009,1022.1629148294268,675,0.04542946288130786,660.3644000454082,FALSE
single_mfs,22600,22600,97.37768191622204,1026.9293541618092,678,0.04543935195406235,660.2206833919855,FALSE
single_mfs,22700,22700,96.923600862754,1031.7404544389788,681,0.045451121340924175,660.0497218753547,FALSE
single_mfs,22800,22800,96.46951980928596,1036.5968463167806,684,0.045464773961262306,659.851515495516,FALSE
single_mfs,22900,22900,96.01543875581791,1041.4991723811777,687,0.04548031320441824,659.6260642524691,FALSE
single_mfs,23000,23000,95.56135770234985,1046.4480874316941,690,0.04549774293181279,659.3733681462139,FALSE
single_mfs,23100,23100,95.10727664888184,1051.4442587729768,693,0.045517067479349645,659.0934271767511,FALSE
single_mfs,23200,23200,94.65319559541379,1056.4883665147518,696,0.04553829166011861,658.7862413440799,FALSE
single_mfs,23300,23300,94.19911454194573,1061.5811038804532,699,0.045561420767401425,658.4518106482006,FALSE
single_mfs,23400,23400,93.74503348847769,1066.7231775248245,702,0.04558646057798395,658.0901350891133,FALSE
single_mfs,23500,23500,93.29095243500964,1071.9153078607935,705,0.045613417355778445,657.701214666818,FALSE
single_mfs,23600,23600,92.8368713815416,1077.1582293959405,708,0.04564229785576019,657.2850493813145,FALSE
single_mfs,23700,23700,92.38279032807357,1082.452691078889,711,0.04567310932822317,656.8416392326031,FALSE
single_mfs,23800,23800,91.92870927460552,1087.7994566559644,714,0.04570585952335985,656.3709842206835,FALSE
single_mfs,23900,23900,91.47462822113748,1093.199305038471,717,0.04574055669617034,655.8730843455558,FALSE
single_mfs,24000,24000,91.02054716766943,1098.6530306809677,720,0.04577720961170699,655.3479396072199,FALSE
single_mfs,24100,24100,90.56646611420138,1104.1614439709201,723,0.04581582755066058,654.7955500056759,FALSE
single_mfs,24200,24200,90.11238506073333,1109.7253716301336,726,0.04585642031529478,654.215915540924,FALSE
single_mfs,24300,24300,89.65830400726529,1115.345657128387,729,0.045898998235736094,653.6090362129639,FALSE
single_mfs,24400,24400,89.20422295379726,1121.0231611096972,732,0.04594357217662694,652.9749120217958,FALSE
single_mfs,24500,24500,88.75014190032921,1126.7587618316704,735,0.045990153544149814,652.3135429674197,FALSE
single_mfs,24600,24600,88.29606084686117,1132.553355618411,738,0.046038754293431336,651.6249290498354,FALSE
single_mfs,24700,24700,87.84197979339312,1138.4078573274749,741,0.04608938693633501,650.909070269043,FALSE
single_mfs,24800,24800,87.38789873992508,1144.3232008313848,744,0.04614206454965261,650.1659666250425,FALSE
single_mfs,24900,24900,86.93381768645703,1150.3003395142334,747,0.04619680078370415,649.395618117834,FALSE
single_mfs,25000,25000,86.47973663298897,1156.340246783933,750,0.04625360987135732,648.5980247474173,FALSE
single_mfs,25100,25100,86.02565557952096,1162.443916600686,753,0.046312506637477525,647.7731865137928,FALSE
single_mfs,25200,25200,85.57157452605291,1168.6123640222868,756,0.046373506508820904,646.92110341696,FALSE
single_mfs,25300,25300,85.11749347258485,1174.846625766871,759,0.046436625524382255,646.0417754569191,FALSE
single_mfs,25400,25400,84.66341241911681,1181.1477607937784,762,0.04650188034621175,645.1352026336701,FALSE
single_mfs,25500,25500,84.20933136564877,1187.5168509032085,765,0.046569288270714056,644.201384947213,FALSE
single_mfs,25600,25600,83.75525031218072,1193.955001355381,768,0.04663886724044457,643.240322397548,FALSE
single_mfs,25700,25700,83.30116925871268,1200.4633415099483,771,0.04671063585641822,642.2520149846747,FALSE
single_mfs,25800,25800,82.84708820524465,1207.0430254864345,774,0.046784613390947076,641.2364627085935,FALSE
single_mfs,25900,25900,82.3930071517766,1213.695232846514,777,0.04686081980102371,640.1936655693041,FALSE
single_mfs,26000,26000,81.93892609830856,1220.4211692989747,780,0.046939275742268256,639.1236235668067,FALSE
single_mfs,26100,26100,81.4848450448405,1227.2220674282532,783,0.04702000258345798,638.0263367011011,FALSE
single_mfs,26200,26200,81.03076399137245,1234.0991874474644,786,0.047103022421658945,636.9018049721875,FALSE
single_mfs,26300,26300,80.57668293790441,1241.053817976895,789,0.047188358097980804,635.7500283800658,FALSE
single_mfs,26400,26400,80.12260188443636,1248.0872768489658,792,0.04727603321397598,634.571006924736,FALSE
single_mfs,26500,26500,79.66852083096833,1255.2009119407237,795,0.047366072148706556,633.3647406061983,FALSE
single_mfs,26600,26600,79.21443977750029,1262.396102034967,798,0.04745850007650252,632.1312294244523,FALSE
single_mfs,26700,26700,78.76035872403224,1269.6742577111559,801,0.04755334298543655,630.8704733794982,FALSE
single_mfs,26800,26800,78.3062776705642,1277.036822267324,804,0.047650627696541936,629.5824724713361,FALSE
single_mfs,26900,26900,77.85219661709615,1284.485272674249,807,0.047750381883801075,628.267226699966,FALSE
single_mfs,27000,27000,77.3981155636281,1292.0211205632152,810,0.04785263409493389,626.9247360653876,FALSE
single_mfs,27100,27100,76.94403451016005,1299.6459132487462,813,0.04795741377301647,625.5550005676013,FALSE
single_mfs,27200,27200,76.48995345669204,1307.3612347877706,816,0.048064751278962155,624.158020206607,FALSE
single_mfs,27300,27300,76.03587240322398,1315.1687070767393,819,0.04817467791489888,622.7337949824044,FALSE
single_mfs,27400,27400,75.58179134975593,1323.0699909882846,822,0.04828722594847754,621.2823248949937,FALSE
single_mfs,27500,27500,75.12771029628789,1331.0667875491085,825,0.0484024286381494,619.803609944375,FALSE
single_mfs,27600,27600,74.67362924281984,1339.1608391608393,828,0.048520320259450696,618.2976501305483,FALSE
single_mfs,27700,27700,74.2195481893518,1347.3539308657082,831,0.048640936132336034,616.7644454535135,FALSE
single_mfs,27800,27800,73.76546713588374,1355.6478916589722,834,0.04876431264960331,615.2039959132704,FALSE
single_mfs,27900,27900,73.31138608241572,1364.0445958501082,837,0.04889048730645549,613.6163015098196,FALSE
single_mfs,28000,28000,72.85730502894768,1372.545964474914,840,0.049019498731246926,612.0013622431605,FALSE
single_mfs,28100,28100,72.40322397547962,1381.15396676074,843,0.04915138671746406,610.3591781132932,FALSE
single_mfs,28200,28200,71.94914292201157,1389.8706216472074,846,0.04928619225699317,608.6897491202179,FALSE
single_mfs,28300,28300,71.49506186854353,1398.697999364878,849,0.04942395757473067,606.9930752639345,FALSE
single_mfs,28400,28400,71.04098081507549,1407.6382230744648,852,0.04956472616459383,605.2691565444431,FALSE
single_mfs,28500,28500,70.58689976160746,1416.6934705693147,855,0.0497085428269935,603.5179929617437,FALSE
single_mfs,28600,28600,70.13281870813941,1425.865976044027,858,0.04985545370783311,601.7395845158361,FALSE
single_mfs,28700,28700,69.67873765467137,1435.1580319322254,861,0.05000550633910193,599.9339312067204,FALSE
single_mfs,28800,28800,69.22465660120332,1444.5719908166611,864,0.05015874968113407,598.1010330343967,FALSE
single_mfs,28900,28900,68.77057554773526,1454.1102674149888,867,0.05031523416660861,596.2408899988646,FALSE
single_mfs,29000,29000,68.31649449426722,1463.7753406447325,870,0.050475011746370084,594.3535021001248,FALSE
single_mfs,29100,29100,67.86241344079917,1473.569755771161,873,0.0506381359371533,592.4388693381768,FALSE
single_mfs,29200,29200,67.40833238733114,1483.496126641967,876,0.05080466187130024,590.4969917130207,FALSE
single_mfs,29300,29300,66.9542513338631,1493.5571380128856,879,0.05097464634856265,588.5278692246567,FALSE
single_mfs,29400,29400,66.50017028039505,1503.7555479685898,882,0.051148147890088085,586.5315018730844,FALSE
single_mfs,29500,29500,66.04608922692701,1514.0941904434515,885,0.05132522679469327,584.5078896583041,FALSE
single_mfs,29600,29600,65.59200817345896,1524.575977847006,888,0.05150594519753399,582.4570325803155,FALSE
single_mfs,29700,29700,65.1379271199909,1535.2039037992336,891,0.05169036713128732,580.378930639119,FALSE
single_mfs,29800,29800,64.68384606652286,1545.9810459810462,894,0.051878558589967996,578.2735838347144,FALSE
single_mfs,29900,29900,64.22976501305484,1556.910569105691,897,0.052070587595508054,576.1409921671019,FALSE
single_mfs,30000,30000,63.77568395958679,1567.9957280170877,900,0.052266524267236256,573.9811556362812,FALSE
single_mfs,30100,30100,63.32160290611875,1579.2398709214772,903,0.05246644089440124,571.7940742422522,FALSE
single_mfs,30200,30200,62.8675218526507,1590.6464427591188,906,0.05267041201189135,569.5797479850153,FALSE
single_mfs,30300,30300,62.41344079918265,1602.218988723172,909,0.05287851447931261,567.3381768645703,FALSE
single_mfs,30400,30400,61.95935974571461,1613.961157933309,912,0.05309082756359569,565.0693608809172,FALSE
single_mfs,30500,30500,61.505278692246556,1625.8767072720564,915,0.05330743302531332,562.773300034056,FALSE
single_mfs,30600,30600,61.05119763877853,1637.969505392339,918,0.05352841520889997,560.449994323987,FALSE
single_mfs,30700,30700,60.59711658531049,1650.2435369052077,921,0.05375386113697745,558.0994437507096,FALSE
single_mfs,30800,30800,60.143035531842436,1662.7029067572669,924,0.05398386060900217,555.7216483142241,FALSE
single_mfs,30900,30900,59.68895447837439,1675.3518448079117,927,0.05421850630446316,553.3166080145306,FALSE
single_mfs,31000,31000,59.23487342490634,1688.1947106170949,930,0.05445789389087403,550.884322851629,FALSE
single_mfs,31100,31100,58.780792371438295,1701.2359984550021,933,0.054702122136816786,548.4247928255193,FALSE
single_mfs,31200,31200,58.32671131797025,1714.480342545738,936,0.05495129303031212,545.9380179362015,FALSE
single_mfs,31300,31300,57.87263026450222,1727.9325225578655,939,0.0552055119028072,543.4239981836758,FALSE
single_mfs,31400,31400,57.418549211034176,1741.5974693554763,942,0.055464887559091604,540.882733567942,FALSE
single_mfs,31500,31500,56.96446815756613,1755.4802710243123,945,0.05572953241347023,538.3142240889999,FALSE
single_mfs,31600,31600,56.51038710409808,1769.586179188429,948,0.05599956263254522,535.7184697468498,FALSE
single_mfs,31700,31700,56.056306050630035,1783.92061563386,951,0.05627509828497981,533.0954705414916,FALSE
single_mfs,31800,31800,55.60222499716198,1798.4891792568399,954,0.05655626349864276,530.4452264729254,FALSE
single_mfs,31900,31900,55.14814394369394,1813.2976533552905,957,0.0568431866255577,527.767737541151,FALSE
single_mfs,32000,32000,54.694062890225915,1828.35201328352,960,0.057136000415109994,525.0630037461688,FALSE
single_mfs,32100,32100,54.23998183675786,1843.6584344914188,963,0.05743484219599435,522.3310250879782,FALSE
single_mfs,32200,32200,53.78590078328982,1859.2233009708737,966,0.05773985406741844,519.5718015665797,FALSE
single_mfs,32300,32300,53.331819729821774,1875.053214133674,969,0.05805118310011374,516.785333181973,FALSE
single_mfs,32400,32400,52.87773867635372,1891.1550021468443,972,0.05836898154774211,513.9716199341582,FALSE
single_mfs,32500,32500,52.42365762288568,1907.5357297531402,975,0.058693407069327394,511.13066182313537,FALSE
single_mfs,32600,32600,51.96957656941763,1924.2027086063788,978,0.05902462296338585,508.26245884890443,FALSE
single_mfs,32700,32700,51.5154955159496,1941.1635081533711,981,0.059362798414476184,505.36701101146565,FALSE
single_mfs,32800,32800,51.06141446248156,1958.425967096487,984,0.05970810875294168,502.4443183108185,FALSE
single_mfs,32900,32900,50.60733340901351,1975.9982054733064,987,0.060060735728671925,499.4943807469634,FALSE
single_mfs,33000,33000,50.15325235554546,1993.8886373924854,990,0.060420867799772286,496.5171983199001,FALSE
single_mfs,33100,33100,49.69917130207742,2012.1059844677936,993,0.06078870043709347,493.51277102962877,FALSE
single_mfs,33200,33200,49.24509024860937,2030.6592899953896,996,0.06116443644564427,490.48109887614936,FALSE
single_mfs,33300,33300,48.79100919514134,2049.5579339227543,999,0.061548286303986614,487.422181859462,FALSE
single_mfs,33400,33400,48.3369281416733,2068.811648661343,1002,0.0619404685227947,484.33601997956646,FALSE
single_mfs,33500,33500,47.88284708820525,2088.4305357989565,1005,0.062341210023849444,481.2226132364628,FALSE
single_mfs,33600,33600,47.4287660347372,2108.4250837721397,1008,0.0627507465408375,478.081961630151,FALSE
single_mfs,33700,33700,46.97468498126916,2128.8061865635573,1011,0.063169323043429,474.91406516063114,FALSE
single_mfs,33800,33800,46.520603927801105,2149.585163494388,1014,0.06359719418622449,471.7189238279032,FALSE
single_mfs,33900,33900,46.06652287433306,2170.773780187285,1017,0.06403462478428569,468.4965376319672,FALSE
single_mfs,34000,34000,45.61244182086504,2192.384270781483,1020,0.06448189031710244,465.2469065728234,FALSE
single_mfs,34100,34100,45.158360767396985,2214.4293614881844,1023,0.06493927746299662,461.9700306504712,FALSE
single_mfs,34200,34200,44.70427971392894,2236.922295581513,1026,0.06540708466612612,458.66590986491093,FALSE
single_mfs,34300,34300,44.250198660460896,2259.8768599281684,1029,0.06588562273843057,455.3345442161426,FALSE
single_mfs,34400,34400,43.796117606992844,2283.3074131674443,1032,0.06637521549905362,451.97593370416615,FALSE
single_mfs,34500,34500,43.3420365535248,2307.2289156626507,1035,0.06687620045398987,448.5900783289817,FALSE
single_mfs,34600,34600,42.88795550005675,2331.656961355215,1038,0.06738892951893685,445.17697809058905,FALSE
single_mfs,34700,34700,42.433874446588725,2356.607811663991,1041,0.06791376978858764,441.7366329889886,FALSE
single_mfs,34800,34800,41.97979339312068,2382.09843158464,1044,0.06845110435588046,438.2690430241799,FALSE
single_mfs,34900,34900,41.52571233965263,2408.1465281574633,1047,0.0690013331850276,434.774208196163,FALSE
single_mfs,35000,35000,41.071631286184584,2434.7705914870094,1050,0.06956487404248599,431.2521285049381,FALSE
single_mfs,35100,35100,40.61755023271654,2461.989938513136,1053,0.07014216349040274,427.70280395050514,FALSE
single_mfs,35200,35200,40.16346917924849,2489.8247597512723,1056,0.07073365794747932,424.12623453286403,FALSE
single_mfs,35300,35300,39.70938812578044,2518.296169239566,1059,0.07133983482265059,420.5224202520149,FALSE
single_mfs,35400,35400,39.25530707231242,2547.426257952573,1062,0.07196119372747381,416.8913611079579,FALSE
single_mfs,35500,35500,38.80122601884437,2577.2381509654765,1065,0.0725982577736754,413.2330571006925,FALSE
single_mfs,35600,35600,38.34714496537632,2607.756068679692,1068,0.0732515749629127,409.54750823021914,FALSE
single_mfs,35700,35700,37.89306391190828,2639.005392450569,1071,0.07392171967648653,405.83471449653763,FALSE
single_mfs,35800,35800,37.43898285844023,2671.012734990904,1074,0.07460929427348893,402.09467589964805,FALSE
single_mfs,35900,35900,36.98490180497218,2703.8060159607126,1077,0.07531493080670508,398.3273924395504,FALSE
single_mfs,36000,36000,36.53082075150414,2737.4145431945312,1080,0.07603929286651476,394.5328641162447,FALSE
single_mfs,36100,36100,36.07673969803611,2771.869100062932,1083,0.07678307756407014,390.7110909297311,FALSE
single_mfs,36200,36200,35.62265864456806,2807.2020395156146,1086,0.07754701766617719,386.8620728800091,FALSE
single_mfs,36300,36300,35.16857759110002,2843.447385409941,1089,0.07833188389559066,382.9858099670792,FALSE
single_mfs,36400,36400,34.714496537631966,2880.640941792021,1092,0.0791384874118687,379.0823021909411,FALSE
single_mfs,36500,36500,34.26041548416392,2918.820410868125,1095,0.07996768248953766,375.15154955159494,FALSE
single_mfs,36600,36600,33.80633443069587,2958.0255204835466,1098,0.08082036941211876,371.1935520490407,FALSE
single_mfs,36700,36700,33.352253377227825,2998.298162014977,1101,0.08169749760258793,367.20830968327834,FALSE
single_mfs,36800,36800,32.8981723237598,3039.682539682539,1104,0.08260006901311247,363.1958224543082,FALSE
single_mfs,36900,36900,32.44409127029175,3082.2253324002795,1107,0.08352914179946556,359.1560903621297,FALSE
single_mfs,37000,37000,31.990010216823705,3125.9758694109296,1110,0.0844858343084035,355.08911340674314,FALSE
single_mfs,37100,37100,31.535929163355657,3170.9863210943126,1113,0.08547132940955021,350.99489158814845,FALSE
single_mfs,37200,37200,31.08184810988761,3217.311906501096,1116,0.08648687920701871,346.87342490634575,FALSE
single_mfs,37300,37300,30.627767056419565,3265.0111193476655,1119,0.0875338101701787,342.7247133613349,FALSE
single_mfs,37400,37400,30.173686002951516,3314.145974416856,1122,0.08861352872772342,338.548756953116,FALSE
single_mfs,37500,37500,29.71960494948349,3364.7822765469814,1125,0.08972752737458617,334.3455556816893,FALSE
single_mfs,37600,37600,29.265523896015445,3416.9899146625285,1128,0.09087739134740767,330.1151095470542,FALSE
single_mfs,37700,37700,28.811442842547397,3470.843183609141,1131,0.09206480593127694,325.85741854921105,FALSE
single_mfs,37800,37800,28.35736178907935,3526.421136909528,1134,0.09329156446850603,321.5724826881598,FALSE
single_mfs,37900,37900,27.903280735611304,3583.807973962572,1137,0.09455957714940823,317.26030196390053,FALSE
single_mfs,38000,38000,27.449199682143256,3643.093465674112,1140,0.09587088067563453,312.9208763764331,FALSE
single_mfs,38100,38100,26.995118628675208,3704.3734230445766,1143,0.09722764889880779,308.55420592575763,FALSE
single_mfs,38200,38200,26.541037575207184,3767.750213857997,1146,0.09863220455125647,304.1602906118743,FALSE
single_mfs,38300,38300,26.086956521739136,3833.3333333333326,1149,0.10008703220191469,299.7391304347827,FALSE
single_mfs,38400,38400,25.632875468271088,3901.2400354295833,1152,0.10159479258931206,295.29072539448293,FALSE
single_mfs,38500,38500,25.17879441480304,3971.5960324616776,1155,0.10315833850549812,290.8150754909751,FALSE
single_mfs,38600,38600,24.72471336133499,4044.5362718090005,1158,0.10478073243028499,286.3121807242592,FALSE
single_mfs,38700,38700,24.270632307866947,4120.20579981291,1161,0.10646526614503644,281.7820410943352,FALSE
single_mfs,38800,38800,23.81655125439892,4198.7607244995215,1164,0.10821548259019385,277.22465660120344,FALSE
single_mfs,38900,38900,23.362470200930872,4280.3692905733715,1167,0.11003520027180903,272.6400272448633,FALSE
single_mfs,39000,39000,22.908389147462827,4365.213082259662,1170,0.11192854057076056,268.0281530253151,FALSE
single_mfs,39100,39100,22.45430809399478,4453.488372093023,1173,0.11389995836555046,263.38903394255874,FALSE
single_mfs,39200,39200,22.00022704052673,4545.407636738906,1176,0.11595427644742108,258.7226699965944,FALSE
single_mfs,39300,39300,21.546145987058686,4641.201264488936,1179,0.1180967242872503,254.02906118742192,FALSE
single_mfs,39400,39400,21.09206493359064,4741.119483315395,1182,0.1203329818100354,249.30820751504135,FALSE
single_mfs,39500,39500,20.63798388012261,4845.434543454343,1185,0.12266922894821121,244.56010897945296,FALSE
single_mfs,39600,39600,20.183902826654567,4954.4431946006725,1188,0.12511220188385536,239.78476558065626,FALSE
single_mfs,39700,39700,19.72982177318652,5068.469505178365,1191,0.12766925705738955,234.98217731865142,FALSE
single_mfs,39800,39800,19.27574071971847,5187.868080094228,1194,0.13034844422347308,230.15234419343852,FALSE
single_mfs,39900,39900,18.821659666250422,5313.027744270205,1197,0.13315859008196004,225.29526620501755,FALSE
single_mfs,40000,40000,18.367578612782374,5444.375772558717,1200,0.1361093943139679,220.4109433533885,FALSE
single_mfs,40100,40100,17.91349755931433,5582.382762991131,1203,0.13921154022421772,215.49937563855138,FALSE
single_mfs,40200,40200,17.459416505846303,5727.568270481141,1206,0.14247682264878458,210.5605630605064,FALSE
single_mfs,40300,40300,17.005335452378255,5880.507343124164,1209,0.14591829635543832,205.59450561925308,FALSE
single_mfs,40400,40400,16.55125439891021,6041.838134430725,1212,0.14955044887204766,200.60120331479175,FALSE
single_mfs,40500,40500,16.09717334544216,6212.2708039492245,1215,0.15338940256664751,195.58065614712226,FALSE
single_mfs,40600,40600,15.643092291974114,6392.597968069667,1218,0.15745315192289822,190.53286411624472,FALSE
single_mfs,40700,40700,15.189011238506067,6583.707025411064,1221,0.16176184337619323,185.45782722215907,FALSE
single_mfs,40800,40800,14.73493018503802,6786.594761171037,1224,0.16633810689144699,180.35554546486537,FALSE
single_mfs,40900,40900,14.280849131569994,7002.384737678851,1227,0.1712074507989939,175.22601884436384,FALSE
single_mfs,41000,41000,13.826768078101948,7232.3481116584535,1230,0.17639873443069398,170.06924736065395,FALSE
single_mfs,41100,41100,13.372687024633901,7477.928692699489,1233,0.18194473704864936,164.885231013736,FALSE
single_mfs,41200,41200,12.918605971165853,7740.773286467487,1236,0.18788284675891959,159.67396980360994,FALSE
single_mfs,41300,41300,12.464524917697805,8022.768670309657,1239,0.19425590000749773,154.43546373027579,FALSE
single_mfs,41400,41400,12.010443864229758,8326.086956521744,1242,0.20111321151018705,149.1697127937336,FALSE
single_mfs,41500,41500,11.556362810761712,8653.241650294702,1245,0.20851184699505304,143.8767169939833,FALSE
single_mfs,41600,41600,11.102281757293685,9007.157464212672,1248,0.2165182082743431,138.55647633102518,FALSE
single_mfs,41700,41700,10.648200703825639,9391.257995735603,1251,0.22521002387855163,133.20899080485873,FALSE
single_mfs,41800,41800,10.194119650357592,9809.576837416476,1254,0.23467887170852814,127.83426041548421,FALSE
single_mfs,41900,41900,9.740038596889544,10266.899766899767,1257,0.2450334073245768,122.43228516290156,FALSE
single_mfs,42000,42000,9.285957543421496,10768.94865525673,1260,0.2564035394108745,117.00306504711084,FALSE
single_mfs,42100,42100,8.83187648995345,11322.62210796916,1263,0.26894589330093016,111.54660006811207,FALSE
single_mfs,42200,42200,8.377795436485403,11936.314363143643,1266,0.282851051259328,106.0628902259052,FALSE
single_mfs,42300,42300,7.923714383017377,12620.343839541534,1269,0.2983532822586651,100.55193552049052,FALSE
single_mfs,42400,42400,7.46963332954933,13387.537993920963,1272,0.3157438206113435,95.01373595186747,FALSE
single_mfs,42500,42500,7.015552276081283,14254.04530744336,1275,0.3353893013516085,89.44829152003635,FALSE
single_mfs,42600,42600,6.5614712226132355,15240.484429065746,1278,0.3577578504475527,83.85560222499714,FALSE
single_mfs,42700,42700,6.107390169145188,16373.605947955402,1281,0.38345681376944735,78.23566806674987,FALSE
single_mfs,42800,42800,5.653309115677141,17688.755020080345,1284,0.41328866869346603,72.5884890452945,FALSE
single_mfs,42900,42900,5.199228062209094,19233.62445414851,1287,0.44833623436243614,66.91406516063104,FALSE
single_mfs,43000,43000,4.7451470087410685,21074.1626794258,1290,0.4900968064982744,61.21239641275979,FALSE
single_mfs,43100,43100,4.291065955273021,23304.232804232775,1293,0.5407014571747744,55.48348280168017,FALSE
single_mfs,43200,43200,3.836984901804974,26062.13017751478,1296,0.6032900504054347,49.727324327392466,FALSE
single_mfs,43300,43300,3.3829038483369267,29560.40268456377,1299,0.6826882837081703,43.943920989896675,FALSE
single_mfs,43400,43400,2.9288227948688794,34143.410852713234,1302,0.7867145357768026,38.13327278919281,FALSE
single_mfs,43500,43500,2.474741741400832,40408.25688073407,1305,0.9289254455341166,32.29537972528086,FALSE
single_mfs,43600,43600,2.020660687932807,49488.76404494355,1308,1.1350633955262281,26.430241798161116,FALSE
single_mfs,43700,43700,1.5665796344647598,63833.333333333016,1311,1.4607170099160873,20.537859007833,FALSE
single_mfs,43800,43800,1.1124985809967125,89887.75510204045,1314,2.052231851644759,14.618231354296803,FALSE
single_mfs,43900,43900,0.6584175275286652,151879.31034482727,1317,3.4596653837090496,8.671358837552521,FALSE
single_mfs,44000,44000,0.20433647406061795,489388.88888889336,1320,11.122474747474849,2.697241457600157,FALSE
single_mfs,44100,44100,0,NA,1323,NA,0,FALSE
single_mfs,44200,44200,0,NA,1326,NA,0,FALSE
single_mfs,44300,44300,0,NA,1329,NA,0,FALSE
single_mfs,44400,44400,0,NA,1332,NA,0,FALSE
single_mfs,44500,44500,0,NA,1335,NA,0,FALSE
single_mfs,44600,44600,0,NA,1338,NA,0,FALSE
single_mfs,44700,44700,0,NA,1341,NA,0,FALSE
single_mfs,44800,44800,0,NA,1344,NA,0,FALSE
single_mfs,44900,44900,0,NA,1347,NA,0,FALSE
single_mfs,45000,45000,0,NA,1350,NA,0,FALSE
single_mfs,45100,45100,0,NA,1353,NA,0,FALSE
single_mfs,45200,45200,0,NA,1356,NA,0,FALSE
single_mfs,45300,45300,0,NA,1359,NA,0,FALSE
single_mfs,45400,45400,0,NA,1362,NA,0,FALSE
single_mfs,45500,45500,0,NA,1365,NA,0,FALSE
single_mfs,45600,45600,0,NA,1368,NA,0,FALSE
single_mfs,45700,45700,0,NA,1371,NA,0,FALSE
single_mfs,45800,45800,0,NA,1374,NA,0,FALSE
single_mfs,45900,45900,0,NA,1377,NA,0,FALSE
single_mfs,46000,46000,0,NA,1380,NA,0,FALSE
single_mfs,46100,46100,0,NA,1383,NA,0,FALSE
single_mfs,46200,46200,0,NA,1386,NA,0,FALSE
single_mfs,46300,46300,0,NA,1389,NA,0,FALSE
single_mfs,46400,46400,0,NA,1392,NA,0,FALSE
single_mfs,46500,46500,0,NA,1395,NA,0,FALSE
single_mfs,46600,46600,0,NA,1398,NA,0,FALSE
single_mfs,46700,46700,0,NA,1401,NA,0,FALSE
single_mfs,46800,46800,0,NA,1404,NA,0,FALSE
single_mfs,46900,46900,0,NA,1407,NA,0,FALSE
single_mfs,47000,47000,0,NA,1410,NA,0,FALSE
single_mfs,47100,47100,0,NA,1413,NA,0,FALSE
single_mfs,47200,47200,0,NA,1416,NA,0,FALSE
single_mfs,47300,47300,0,NA,1419,NA,0,FALSE
single_mfs,47400,47400,0,NA,1422,NA,0,FALSE
single_mfs,47500,47500,0,NA,1425,NA,0,FALSE
single_mfs,47600,47600,0,NA,1428,NA,0,FALSE
single_mfs,47700,47700,0,NA,1431,NA,0,FALSE
single_mfs,47800,47800,0,NA,1434,NA,0,FALSE
single_mfs,47900,47900,0,NA,1437,NA,0,FALSE
single_mfs,48000,48000,0,NA,1440,NA,0,FALSE
single_mfs,48100,48100,0,NA,1443,NA,0,FALSE
single_mfs,48200,48200,0,NA,1446,NA,0,FALSE
single_mfs,48300,48300,0,NA,1449,NA,0,FALSE
single_mfs,48400,48400,0,NA,1452,NA,0,FALSE
single_mfs,48500,48500,0,NA,1455,NA,0,FALSE
single_mfs,48600,48600,0,NA,1458,NA,0,FALSE
single_mfs,48700,48700,0,NA,1461,NA,0,FALSE
single_mfs,48800,48800,0,NA,1464,NA,0,FALSE
single_mfs,48900,48900,0,NA,1467,NA,0,FALSE
single_mfs,49000,49000,0,NA,1470,NA,0,FALSE
single_mfs,49100,49100,0,NA,1473,NA,0,FALSE
single_mfs,49200,49200,0,NA,1476,NA,0,FALSE
single_mfs,49300,49300,0,NA,1479,NA,0,FALSE
single_mfs,49400,49400,0,NA,1482,NA,0,FALSE
single_mfs,49500,49500,0,NA,1485,NA,0,FALSE
single_mfs,49600,49600,0,NA,1488,NA,0,FALSE
single_mfs,49700,49700,0,NA,1491,NA,0,FALSE
single_mfs,49800,49800,0,NA,1494,NA,0,FALSE
single_mfs,49900,49900,0,NA,1497,NA,0,FALSE
single_mfs,50000,50000,0,NA,1500,NA,0,FALSE
single_mfs,50100,50100,0,NA,1503,NA,0,FALSE
single_mfs,50200,50200,0,NA,1506,NA,0,FALSE
single_mfs,50300,50300,0,NA,1509,NA,0,FALSE
single_mfs,50400,50400,0,NA,1512,NA,0,FALSE
single_mfs,50500,50500,0,NA,1515,NA,0,FALSE
single_mfs,50600,50600,0,NA,1518,NA,0,FALSE
single_mfs,50700,50700,0,NA,1521,NA,0,FALSE
single_mfs,50800,50800,0,NA,1524,NA,0,FALSE
single_mfs,50900,50900,0,NA,1527,NA,0,FALSE
single_mfs,51000,51000,0,NA,1530,NA,0,FALSE
single_mfs,51100,51100,0,NA,1533,NA,0,FALSE
single_mfs,51200,51200,0,NA,1536,NA,0,FALSE
single_mfs,51300,51300,0,NA,1539,NA,0,FALSE
single_mfs,51400,51400,0,NA,1542,NA,0,FALSE
single_mfs,51500,51500,0,NA,1545,NA,0,FALSE
single_mfs,51600,51600,0,NA,1548,NA,0,FALSE
single_mfs,51700,51700,0,NA,1551,NA,0,FALSE
single_mfs,51800,51800,0,NA,1554,NA,0,FALSE
single_mfs,51900,51900,0,NA,1557,NA,0,FALSE
single_mfs,52000,52000,0,NA,1560,NA,0,FALSE
single_mfs,52100,52100,0,NA,1563,NA,0,FALSE
single_mfs,52200,52200,0,NA,1566,NA,0,FALSE
single_mfs,52300,52300,0,NA,1569,NA,0,FALSE
single_mfs,52400,52400,0,NA,1572,NA,0,FALSE
single_mfs,52500,52500,0,NA,1575,NA,0,FALSE
single_mfs,52600,52600,0,NA,1578,NA,0,FALSE
single_mfs,52700,52700,0,NA,1581,NA,0,FALSE
single_mfs,52800,52800,0,NA,1584,NA,0,FALSE
single_mfs,52900,52900,0,NA,1587,NA,0,FALSE
single_mfs,53000,53000,0,NA,1590,NA,0,FALSE
single_mfs,53100,53100,0,NA,1593,NA,0,FALSE
single_mfs,53200,53200,0,NA,1596,NA,0,FALSE
single_mfs,53300,53300,0,NA,1599,NA,0,FALSE
single_mfs,53400,53400,0,NA,1602,NA,0,FALSE
single_mfs,53500,53500,0,NA,1605,NA,0,FALSE
single_mfs,53600,53600,0,NA,1608,NA,0,FALSE
single_mfs,53700,53700,0,NA,1611,NA,0,FALSE
single_mfs,53800,53800,0,NA,1614,NA,0,FALSE
single_mfs,53900,53900,0,NA,1617,NA,0,FALSE
single_mfs,54000,54000,0,NA,1620,NA,0,FALSE
single_mfs,54100,54100,0,NA,1623,NA,0,FALSE
single_mfs,54200,54200,0,NA,1626,NA,0,FALSE
single_mfs,54300,54300,0,NA,1629,NA,0,FALSE
single_mfs,54400,54400,0,NA,1632,NA,0,FALSE
single_mfs,54500,54500,0,NA,1635,NA,0,FALSE
single_mfs,54600,54600,0,NA,1638,NA,0,FALSE
single_mfs,54700,54700,0,NA,1641,NA,0,FALSE
single_mfs,54800,54800,0,NA,1644,NA,0,FALSE
single_mfs,54900,54900,0,NA,1647,NA,0,FALSE
single_mfs,55000,55000,0,NA,1650,NA,0,FALSE
single_mfs,55100,55100,0,NA,1653,NA,0,FALSE
single_mfs,55200,55200,0,NA,1656,NA,0,FALSE
single_mfs,55300,55300,0,NA,1659,NA,0,FALSE
single_mfs,55400,55400,0,NA,1662,NA,0,FALSE
single_mfs,55500,55500,0,NA,1665,NA,0,FALSE
single_mfs,55600,55600,0,NA,1668,NA,0,FALSE
single_mfs,55700,55700,0,NA,1671,NA,0,FALSE
single_mfs,55800,55800,0,NA,1674,NA,0,FALSE
single_mfs,55900,55900,0,NA,1677,NA,0,FALSE
single_mfs,56000,56000,0,NA,1680,NA,0,FALSE
single_mfs,56100,56100,0,NA,1683,NA,0,FALSE
single_mfs,56200,56200,0,NA,1686,NA,0,FALSE
single_mfs,56300,56300,0,NA,1689,NA,0,FALSE
single_mfs,56400,56400,0,NA,1692,NA,0,FALSE
single_mfs,56500,56500,0,NA,1695,NA,0,FALSE
single_mfs,56600,56600,0,NA,1698,NA,0,FALSE
single_mfs,56700,56700,0,NA,1701,NA,0,FALSE
single_mfs,56800,56800,0,NA,1704,NA,0,FALSE
single_mfs,56900,56900,0,NA,1707,NA,0,FALSE
single_mfs,57000,57000,0,NA,1710,NA,0,FALSE
single_mfs,57100,57100,0,NA,1713,NA,0,FALSE
single_mfs,57200,57200,0,NA,1716,NA,0,FALSE
single_mfs,57300,57300,0,NA,1719,NA,0,FALSE
single_mfs,57400,57400,0,NA,1722,NA,0,FALSE
single_mfs,57500,57500,0,NA,1725,NA,0,FALSE
single_mfs,57600,57600,0,NA,1728,NA,0,FALSE
single_mfs,57700,57700,0,NA,1731,NA,0,FALSE
single_mfs,57800,57800,0,NA,1734,NA,0,FALSE
single_mfs,57900,57900,0,NA,1737,NA,0,FALSE
single_mfs,58000,58000,0,NA,1740,NA,0,FALSE
single_mfs,58100,58100,0,NA,1743,NA,0,FALSE
single_mfs,58200,58200,0,NA,1746,NA,0,FALSE
single_mfs,58300,58300,0,NA,1749,NA,0,FALSE
single_mfs,58400,58400,0,NA,1752,NA,0,FALSE
single_mfs,58500,58500,0,NA,1755,NA,0,FALSE
single_mfs,58600,58600,0,NA,1758,NA,0,FALSE
single_mfs,58700,58700,0,NA,1761,NA,0,FALSE
single_mfs,58800,58800,0,NA,1764,NA,0,FALSE
single_mfs,58900,58900,0,NA,1767,NA,0,FALSE
single_mfs,59000,59000,0,NA,1770,NA,0,FALSE
single_mfs,59100,59100,0,NA,1773,NA,0,FALSE
single_mfs,59200,59200,0,NA,1776,NA,0,FALSE
single_mfs,59300,59300,0,NA,1779,NA,0,FALSE
single_mfs,59400,59400,0,NA,1782,NA,0,FALSE
single_mfs,59500,59500,0,NA,1785,NA,0,FALSE
single_mfs,59600,59600,0,NA,1788,NA,0,FALSE
single_mfs,59700,59700,0,NA,1791,NA,0,FALSE
single_mfs,59800,59800,0,NA,1794,NA,0,FALSE
single_mfs,59900,59900,0,NA,1797,NA,0,FALSE
single_mfs,60000,60000,0,NA,1800,NA,0,FALSE
single_mfs,60100,60100,0,NA,1803,NA,0,FALSE
single_mfs,60200,60200,0,NA,1806,NA,0,FALSE
single_mfs,60300,60300,0,NA,1809,NA,0,FALSE
single_mfs,60400,60400,0,NA,1812,NA,0,FALSE
single_mfs,60500,60500,0,NA,1815,NA,0,FALSE
single_mfs,60600,60600,0,NA,1818,NA,0,FALSE
single_mfs,60700,60700,0,NA,1821,NA,0,FALSE
single_mfs,60800,60800,0,NA,1824,NA,0,FALSE
single_mfs,60900,60900,0,NA,1827,NA,0,FALSE
single_mfs,61000,61000,0,NA,1830,NA,0,FALSE
single_mfs,61100,61100,0,NA,1833,NA,0,FALSE
single_mfs,61200,61200,0,NA,1836,NA,0,FALSE
single_mfs,61300,61300,0,NA,1839,NA,0,FALSE
single_mfs,61400,61400,0,NA,1842,NA,0,FALSE
single_mfs,61500,61500,0,NA,1845,NA,0,FALSE
single_mfs,61600,61600,0,NA,1848,NA,0,FALSE
single_mfs,61700,61700,0,NA,1851,NA,0,FALSE
single_mfs,61800,61800,0,NA,1854,NA,0,FALSE
single_mfs,61900,61900,0,NA,1857,NA,0,FALSE
single_mfs,62000,62000,0,NA,1860,NA,0,FALSE
single_mfs,62100,62100,0,NA,1863,NA,0,FALSE
single_mfs,62200,62200,0,NA,1866,NA,0,FALSE
single_mfs,62300,62300,0,NA,1869,NA,0,FALSE
single_mfs,62400,62400,0,NA,1872,NA,0,FALSE
single_mfs,62500,62500,0,NA,1875,NA,0,FALSE
single_mfs,62600,62600,0,NA,1878,NA,0,FALSE
single_mfs,62700,62700,0,NA,1881,NA,0,FALSE
single_mfs,62800,62800,0,NA,1884,NA,0,FALSE
single_mfs,62900,62900,0,NA,1887,NA,0,FALSE
single_mfs,63000,63000,0,NA,1890,NA,0,FALSE
single_mfs,63100,63100,0,NA,1893,NA,0,FALSE
single_mfs,63200,63200,0,NA,1896,NA,0,FALSE
single_mfs,63300,63300,0,NA,1899,NA,0,FALSE
single_mfs,63400,63400,0,NA,1902,NA,0,FALSE
single_mfs,63500,63500,0,NA,1905,NA,0,FALSE
single_mfs,63600,63600,0,NA,1908,NA,0,FALSE
single_mfs,63700,63700,0,NA,1911,NA,0,FALSE
single_mfs,63800,63800,0,NA,1914,NA,0,FALSE
single_mfs,63900,63900,0,NA,1917,NA,0,FALSE
single_mfs,64000,64000,0,NA,1920,NA,0,FALSE
single_mfs,64100,64100,0,NA,1923,NA,0,FALSE
single_mfs,64200,64200,0,NA,1926,NA,0,FALSE
single_mfs,64300,64300,0,NA,1929,NA,0,FALSE
single_mfs,64400,64400,0,NA,1932,NA,0,FALSE
single_mfs,64500,64500,0,NA,1935,NA,0,FALSE
single_mfs,64600,64600,0,NA,1938,NA,0,FALSE
single_mfs,64700,64700,0,NA,1941,NA,0,FALSE
single_mfs,64800,64800,0,NA,1944,NA,0,FALSE
single_mfs,64900,64900,0,NA,1947,NA,0,FALSE
single_mfs,65000,65000,0,NA,1950,NA,0,FALSE
single_mfs,65100,65100,0,NA,1953,NA,0,FALSE
single_mfs,65200,65200,0,NA,1956,NA,0,FALSE
single_mfs,65300,65300,0,NA,1959,NA,0,FALSE
single_mfs,65400,65400,0,NA,1962,NA,0,FALSE
single_mfs,65500,65500,0,NA,1965,NA,0,FALSE
single_mfs,65600,65600,0,NA,1968,NA,0,FALSE
single_mfs,65700,65700,0,NA,1971,NA,0,FALSE
single_mfs,65800,65800,0,NA,1974,NA,0,FALSE
single_mfs,65900,65900,0,NA,1977,NA,0,FALSE
single_mfs,66000,66000,0,NA,1980,NA,0,FALSE
single_mfs,66100,66100,0,NA,1983,NA,0,FALSE
single_mfs,66200,66200,0,NA,1986,NA,0,FALSE
single_mfs,66300,66300,0,NA,1989,NA,0,FALSE
single_mfs,66400,66400,0,NA,1992,NA,0,FALSE
single_mfs,66500,66500,0,NA,1995,NA,0,FALSE
single_mfs,66600,66600,0,NA,1998,NA,0,FALSE
single_mfs,66700,66700,0,NA,2001,NA,0,FALSE
single_mfs,66800,66800,0,NA,2004,NA,0,FALSE
single_mfs,66900,66900,0,NA,2007,NA,0,FALSE
single_mfs,67000,67000,0,NA,2010,NA,0,FALSE
single_mfs,67100,67100,0,NA,2013,NA,0,FALSE
single_mfs,67200,67200,0,NA,2016,NA,0,FALSE
single_mfs,67300,67300,0,NA,2019,NA,0,FALSE
single_mfs,67400,67400,0,NA,2022,NA,0,FALSE
single_mfs,67500,67500,0,NA,2025,NA,0,FALSE
single_mfs,67600,67600,0,NA,2028,NA,0,FALSE
single_mfs,67700,67700,0,NA,2031,NA,0,FALSE
single_mfs,67800,67800,0,NA,2034,NA,0,FALSE
single_mfs,67900,67900,0,NA,2037,NA,0,FALSE
single_mfs,68000,68000,0,NA,2040,NA,0,FALSE
single_mfs,68100,68100,0,NA,2043,NA,0,FALSE
single_mfs,68200,68200,0,NA,2046,NA,0,FALSE
single_mfs,68300,68300,0,NA,2049,NA,0,FALSE
single_mfs,68400,68400,0,NA,2052,NA,0,FALSE
single_mfs,68500,68500,0,NA,2055,NA,0,FALSE
single_mfs,68600,68600,0,NA,2058,NA,0,FALSE
single_mfs,68700,68700,0,NA,2061,NA,0,FALSE
single_mfs,68800,68800,0,NA,2064,NA,0,FALSE
single_mfs,68900,68900,0,NA,2067,NA,0,FALSE
single_mfs,69000,69000,0,NA,2070,NA,0,FALSE
single_mfs,69100,69100,0,NA,2073,NA,0,FALSE
single_mfs,69200,69200,0,NA,2076,NA,0,FALSE
single_mfs,69300,69300,0,NA,2079,NA,0,FALSE
single_mfs,69400,69400,0,NA,2082,NA,0,FALSE
single_mfs,69500,69500,0,NA,2085,NA,0,FALSE
single_mfs,69600,69600,0,NA,2088,NA,0,FALSE
single_mfs,69700,69700,0,NA,2091,NA,0,FALSE
single_mfs,69800,69800,0,NA,2094,NA,0,FALSE
single_mfs,69900,69900,0,NA,2097,NA,0,FALSE
single_mfs,70000,70000,0,NA,2100,NA,0,FALSE
single_mfs,70100,70100,0,NA,2103,NA,0,FALSE
single_mfs,70200,70200,0,NA,2106,NA,0,FALSE
single_mfs,70300,70300,0,NA,2109,NA,0,FALSE
single_mfs,70400,70400,0,NA,2112,NA,0,FALSE
single_mfs,70500,70500,0,NA,2115,NA,0,FALSE
single_mfs,70600,70600,0,NA,2118,NA,0,FALSE
single_mfs,70700,70700,0,NA,2121,NA,0,FALSE
single_mfs,70800,70800,0,NA,2124,NA,0,FALSE
single_mfs,70900,70900,0,NA,2127,NA,0,FALSE
single_mfs,71000,71000,0,NA,2130,NA,0,FALSE
single_mfs,71100,71100,0,NA,2133,NA,0,FALSE
single_mfs,71200,71200,0,NA,2136,NA,0,FALSE
single_mfs,71300,71300,0,NA,2139,NA,0,FALSE
single_mfs,71400,71400,0,NA,2142,NA,0,FALSE
single_mfs,71500,71500,0,NA,2145,NA,0,FALSE
single_mfs,71600,71600,0,NA,2148,NA,0,FALSE
single_mfs,71700,71700,0,NA,2151,NA,0,FALSE
single_mfs,71800,71800,0,NA,2154,NA,0,FALSE
single_mfs,71900,71900,0,NA,2157,NA,0,FALSE
single_mfs,72000,72000,0,NA,2160,NA,0,FALSE
single_mfs,72100,72100,0,NA,2163,NA,0,FALSE
single_mfs,72200,72200,0,NA,2166,NA,0,FALSE
single_mfs,72300,72300,0,NA,2169,NA,0,FALSE
single_mfs,72400,72400,0,NA,2172,NA,0,FALSE
single_mfs,72500,72500,0,NA,2175,NA,0,FALSE
single_mfs,72600,72600,0,NA,2178,NA,0,FALSE
single_mfs,72700,72700,0,NA,2181,NA,0,FALSE
single_mfs,72800,72800,0,NA,2184,NA,0,FALSE
single_mfs,72900,72900,0,NA,2187,NA,0,FALSE
single_mfs,73000,73000,0,NA,2190,NA,0,FALSE
single_mfs,73100,73100,0,NA,2193,NA,0,FALSE
single_mfs,73200,73200,0,NA,2196,NA,0,FALSE
single_mfs,73300,73300,0,NA,2199,NA,0,FALSE
single_mfs,73400,73400,0,NA,2202,NA,0,FALSE
single_mfs,73500,73500,0,NA,2205,NA,0,FALSE
single_mfs,73600,73600,0,NA,2208,NA,0,FALSE
single_mfs,73700,73700,0,NA,2211,NA,0,FALSE
single_mfs,73800,73800,0,NA,2214,NA,0,FALSE
single_mfs,73900,73900,0,NA,2217,NA,0,FALSE
single_mfs,74000,74000,0,NA,2220,NA,0,FALSE
single_mfs,74100,74100,0,NA,2223,NA,0,FALSE
single_mfs,74200,74200,0,NA,2226,NA,0,FALSE
single_mfs,74300,74300,0,NA,2229,NA,0,FALSE
single_mfs,74400,74400,0,NA,2232,NA,0,FALSE
single_mfs,74500,74500,0,NA,2235,NA,0,FALSE
single_mfs,74600,74600,0,NA,2238,NA,0,FALSE
single_mfs,74700,74700,0,NA,2241,NA,0,FALSE
single_mfs,74800,74800,0,NA,2244,NA,0,FALSE
single_mfs,74900,74900,0,NA,2247,NA,0,FALSE
single_mfs,75000,75000,0,NA,2250,NA,0,FALSE
single_mfs,75100,75100,0,NA,2253,NA,0,FALSE
single_mfs,75200,75200,0,NA,2256,NA,0,FALSE
single_mfs,75300,75300,0,NA,2259,NA,0,FALSE
single_mfs,75400,75400,0,NA,2262,NA,0,FALSE
single_mfs,75500,75500,0,NA,2265,NA,0,FALSE
single_mfs,75600,75600,0,NA,2268,NA,0,FALSE
single_mfs,75700,75700,0,NA,2271,NA,0,FALSE
single_mfs,75800,75800,0,NA,2274,NA,0,FALSE
single_mfs,75900,75900,0,NA,2277,NA,0,FALSE
single_mfs,76000,76000,0,NA,2280,NA,0,FALSE
single_mfs,76100,76100,0,NA,2283,NA,0,FALSE
single_mfs,76200,76200,0,NA,2286,NA,0,FALSE
single_mfs,76300,76300,0,NA,2289,NA,0,FALSE
single_mfs,76400,76400,0,NA,2292,NA,0,FALSE
single_mfs,76500,76500,0,NA,2295,NA,0,FALSE
single_mfs,76600,76600,0,NA,2298,NA,0,FALSE
single_mfs,76700,76700,0,NA,2301,NA,0,FALSE
single_mfs,76800,76800,0,NA,2304,NA,0,FALSE
single_mfs,76900,76900,0,NA,2307,NA,0,FALSE
single_mfs,77000,77000,0,NA,2310,NA,0,FALSE
single_mfs,77100,77100,0,NA,2313,NA,0,FALSE
single_mfs,77200,77200,0,NA,2316,NA,0,FALSE
single_mfs,77300,77300,0,NA,2319,NA,0,FALSE
single_mfs,77400,77400,0,NA,2322,NA,0,FALSE
single_mfs,77500,77500,0,NA,2325,NA,0,FALSE
single_mfs,77600,77600,0,NA,2328,NA,0,FALSE
single_mfs,77700,77700,0,NA,2331,NA,0,FALSE
single_mfs,77800,77800,0,NA,2334,NA,0,FALSE
single_mfs,77900,77900,0,NA,2337,NA,0,FALSE
single_mfs,78000,78000,0,NA,2340,NA,0,FALSE
single_mfs,78100,78100,0,NA,2343,NA,0,FALSE
single_mfs,78200,78200,0,NA,2346,NA,0,FALSE
single_mfs,78300,78300,0,NA,2349,NA,0,FALSE
single_mfs,78400,78400,0,NA,2352,NA,0,FALSE
single_mfs,78500,78500,0,NA,2355,NA,0,FALSE
single_mfs,78600,78600,0,NA,2358,NA,0,FALSE
single_mfs,78700,78700,0,NA,2361,NA,0,FALSE
single_mfs,78800,78800,0,NA,2364,NA,0,FALSE
single_mfs,78900,78900,0,NA,2367,NA,0,FALSE
single_mfs,79000,79000,0,NA,2370,NA,0,FALSE
single_mfs,79100,79100,0,NA,2373,NA,0,FALSE
single_mfs,79200,79200,0,NA,2376,NA,0,FALSE
single_mfs,79300,79300,0,NA,2379,NA,0,FALSE
single_mfs,79400,79400,0,NA,2382,NA,0,FALSE
single_mfs,79500,79500,0,NA,2385,NA,0,FALSE
single_mfs,79600,79600,0,NA,2388,NA,0,FALSE
single_mfs,79700,79700,0,NA,2391,NA,0,FALSE
single_mfs,79800,79800,0,NA,2394,NA,0,FALSE
single_mfs,79900,79900,0,NA,2397,NA,0,FALSE
single_mfs,80000,80000,0,NA,2400,NA,0,FALSE
