"statistic","value"
"SIPP conditional DC participation among eligible workers with an existing DC account (the headline p)",0.5979
"SIPP conditional DC participation among ALL workers with an existing DC account (whole universe)",0.7163
"Auto-enrolled margin, weighted persons (M)",30.07
"  of which: self-employed (M)",3.18
"  of which: W-2 workers (M)",26.89
"Self-employed share of auto-enrolled margin",0.1057
"Self-employed eligible workers, total (M)",4.41
"Full-participation cost of auto-enrolled margin ($B)",16.62
"  of which: self-employed ($B)",1.54
